7,0,0,0,315,44,235,24576,0,0,0,0,82,0,1,1
7,0,0,0,384,113,235,24576,0,0,0,0,132,0,1,1
7,0,0,0,384,113,235,24576,0,0,0,0,132,0,1,1
7,0,0,0,384,113,235,24576,0,0,0,2,136,0,1,1
7,0,0,0,384,113,235,24576,4000000,0,0,4,138,0,1,1
7,0,0,0,384,113,235,24576,4000000,0,0,4,139,0,1,1
7,0,0,0,384,113,235,24576,4000000,0,0,4,139,0,1,1
7,0,0,0,384,113,235,24576,4000000,0,0,4,139,0,1,1
7,0,0,0,384,113,235,24576,4000000,0,0,4,139,0,1,1
7,0,0,0,384,113,235,24576,8000000,0,0,4,139,0,1,1
7,0,0,0,384,113,235,24576,8000000,0,0,4,139,0,1,1
7,0,0,0,384,113,235,24576,8000000,0,0,4,139,0,1,1
7,0,0,0,384,113,235,24576,12000000,0,0,5,139,0,1,1
7,0,0,0,384,113,235,24576,12000000,0,0,5,139,0,1,1
7,0,0,0,384,113,235,24576,12000000,0,0,5,139,0,1,1
7,0,0,0,384,113,235,24576,16000000,0,0,5,139,0,1,1
7,0,0,0,384,113,235,24576,16000000,0,0,5,139,0,1,1
7,0,0,0,384,113,235,24576,16000000,0,0,5,139,0,1,1
7,0,0,0,384,113,235,24576,16000000,0,0,5,139,0,1,1
7,0,0,0,384,113,235,24576,16000000,0,0,5,139,0,1,1
7,0,0,0,384,113,235,24576,16000000,0,0,5,139,0,1,1
7,0,0,0,384,113,235,24576,16000000,0,0,5,139,0,1,1
7,0,0,0,384,113,235,24576,16000000,0,0,5,139,0,1,1
7,0,0,0,384,113,235,24576,16000000,0,0,5,139,0,1,1
7,0,0,0,384,113,235,24576,16000000,0,0,5,139,0,1,1
7,0,0,0,384,113,235,24576,16000000,0,0,5,139,0,1,1
7,0,0,0,384,113,235,24576,16000000,0,0,5,139,0,1,1
7,0,0,0,384,113,235,24576,16000000,0,0,5,139,0,1,1
7,0,0,0,384,113,235,24576,16000000,0,0,5,139,0,1,1
7,0,0,0,384,113,235,24576,16000000,0,0,5,139,0,1,1
7,0,0,0,384,113,235,24576,16000000,0,0,5,139,0,1,1
7,0,0,0,384,113,235,24576,16000000,0,0,5,139,0,1,1
7,0,0,0,384,113,235,24576,16000000,0,0,5,139,0,1,1
7,0,0,0,384,113,235,24576,16000000,0,0,5,139,0,1,1
7,0,0,0,384,113,235,24576,16000000,0,0,5,139,0,1,1
7,0,0,0,384,113,235,24576,16000000,0,0,5,139,0,1,1
7,0,0,0,384,113,235,24576,16000000,0,0,5,139,0,1,1
7,0,0,0,384,113,235,24576,16000000,0,0,5,139,0,1,1
7,0,0,0,384,113,235,24576,20000000,0,0,6,139,0,1,1
7,0,0,0,384,113,235,24576,20000000,0,0,6,139,0,1,1
7,0,0,0,384,113,235,24576,20000000,0,0,6,139,0,1,1
7,0,0,0,384,113,235,24576,20000000,0,0,6,139,0,1,1
7,0,0,0,384,113,235,24576,20000000,0,0,6,139,0,1,1
7,0,0,0,384,113,235,24576,20000000,0,0,6,139,0,1,1
7,0,0,0,384,113,235,24576,20000000,0,0,6,139,0,1,1
7,0,0,0,384,113,235,24576,20000000,0,0,6,139,0,1,1
7,0,0,0,384,113,235,24576,20000000,0,0,6,139,0,1,1
7,0,0,0,384,113,235,24576,20000000,0,0,6,139,0,1,1
7,0,0,0,384,113,235,24576,20000000,0,0,6,139,0,1,1
7,0,0,0,384,113,235,24576,20000000,0,0,6,139,0,1,1
7,0,0,0,384,113,235,24576,20000000,0,0,6,139,0,1,1
7,0,0,0,384,113,235,24576,20000000,0,0,6,139,0,1,1
7,0,0,0,384,113,235,24576,20000000,0,0,6,139,0,1,1
7,0,0,0,384,113,235,24576,20000000,0,0,6,139,0,1,1
7,0,0,0,384,113,235,24576,20000000,0,0,6,139,0,1,1
7,0,0,0,384,113,235,24576,20000000,0,0,6,139,0,1,1
7,0,0,0,384,113,235,24576,20000000,0,0,6,139,0,1,1
7,0,0,0,384,113,235,24576,20000000,0,0,6,139,0,1,1
7,0,0,0,384,113,235,24576,20000000,0,0,6,139,0,1,1
7,0,0,0,384,113,235,24576,20000000,0,0,6,139,0,1,1
7,0,0,0,384,113,235,24576,20000000,0,0,6,139,0,1,1
7,0,0,0,384,113,235,24576,20000000,0,0,6,139,0,1,1
7,0,0,0,384,113,235,24576,20000000,0,0,6,139,0,1,1
7,0,0,0,384,113,235,24576,20000000,0,0,6,139,0,1,1
7,0,0,0,384,113,235,24576,20000000,0,0,6,139,0,1,1
7,0,0,0,384,113,235,24576,20000000,0,0,6,139,0,1,1
7,0,0,0,384,113,235,24576,20000000,0,0,6,139,0,1,1
7,0,0,0,384,113,235,24576,20000000,0,0,6,139,0,1,1
7,0,0,0,384,113,235,24576,20000000,0,0,8,139,0,1,1
7,0,0,0,384,113,235,24576,20000000,0,0,8,139,0,1,1
7,0,0,0,384,113,235,24576,20000000,0,0,8,139,0,1,1
7,0,0,0,384,113,235,24576,20000000,0,0,8,139,0,1,1
7,0,0,0,384,113,235,24576,20000000,0,0,8,139,0,1,1
7,0,0,0,384,113,235,24576,20000000,0,0,8,139,0,1,1
7,0,0,0,384,113,235,24576,20000000,0,0,8,139,0,1,1
7,0,0,0,384,113,235,24576,20000000,0,0,8,139,0,1,1
7,0,0,0,384,113,235,24576,20000000,0,0,8,139,0,1,1
7,0,0,0,384,113,235,24576,20000000,0,0,8,139,0,1,1
7,0,0,0,384,113,235,24576,20000000,0,0,8,139,0,1,1
7,0,0,0,384,113,235,24576,20000000,0,0,8,139,0,1,1
7,0,0,0,384,113,235,24576,20000000,0,0,8,139,0,1,1
7,0,0,0,384,113,235,24576,20000000,0,0,8,139,0,1,1
7,0,0,0,384,113,235,24576,20000000,0,0,8,139,0,1,1
7,0,0,0,384,113,235,24576,20000000,0,0,8,139,0,1,1
7,0,0,0,384,113,235,24576,20000000,0,0,8,139,0,1,1
7,0,0,0,384,113,235,24576,20000000,0,0,8,139,0,1,1
7,0,0,0,384,113,235,24576,20000000,0,0,8,139,0,1,1
7,0,0,0,384,113,235,24576,20000000,0,0,8,139,0,1,1
7,0,0,0,384,113,235,24576,20000000,0,0,8,139,0,1,1
7,0,0,0,384,113,235,24576,24000000,0,0,9,139,0,1,1
7,0,0,0,384,113,235,24576,24000000,0,0,9,139,0,1,1
7,0,0,0,384,113,235,24576,24000000,0,0,9,139,0,1,1
7,0,0,0,384,113,235,24576,24000000,0,0,9,139,0,1,1
7,0,0,0,384,113,235,24576,24000000,0,0,9,139,0,1,1
7,0,0,0,384,113,235,24576,24000000,0,0,9,139,0,1,1
7,0,0,0,384,113,235,24576,24000000,0,0,9,139,0,1,1
7,0,0,0,384,113,235,24576,24000000,0,0,9,139,0,1,1
7,0,0,0,384,113,235,24576,24000000,0,0,9,139,0,1,1
7,0,0,0,384,113,235,24576,24000000,0,0,9,139,0,1,1
7,0,0,0,384,113,235,24576,24000000,0,0,9,139,0,1,1
7,0,0,0,384,113,235,24576,24000000,0,0,9,139,0,1,1
7,0,0,0,384,113,235,24576,24000000,0,0,9,139,0,1,1
7,0,0,0,384,113,235,24576,24000000,0,0,9,139,0,1,1
7,0,0,0,384,113,235,24576,24000000,0,0,9,139,0,1,1
7,0,0,0,384,113,235,24576,24000000,0,0,9,139,0,1,1
7,0,0,0,384,113,235,24576,24000000,0,0,9,139,0,1,1
7,0,0,0,384,113,235,24576,24000000,0,0,9,139,0,1,1
7,0,0,0,384,113,235,24576,24000000,0,0,9,139,0,1,1
7,0,0,0,384,113,235,24576,24000000,0,0,9,139,0,1,1
7,0,0,0,384,113,235,24576,24000000,0,0,9,139,0,1,1
7,0,0,0,384,113,235,24576,24000000,0,0,9,139,0,1,1
7,0,0,0,384,113,235,24576,24000000,0,0,9,139,0,1,1
7,0,0,0,384,113,235,24576,24000000,0,0,9,139,0,1,1
7,0,0,0,384,113,235,24576,24000000,0,0,9,139,0,1,1
7,0,0,0,384,113,235,24576,24000000,0,0,9,139,0,1,1
7,0,0,0,384,113,235,24576,24000000,0,0,9,139,0,1,1
7,0,0,0,384,113,235,24576,24000000,0,0,9,139,0,1,1
7,0,0,0,384,113,235,24576,24000000,0,0,10,139,0,1,1
7,0,0,0,384,113,235,24576,24000000,0,0,11,139,0,1,1
7,0,0,0,384,113,235,24576,24000000,0,0,11,139,0,1,1
7,0,0,0,384,113,235,24576,24000000,0,0,11,139,0,1,1
7,0,0,0,384,113,235,24576,24000000,0,0,11,139,0,1,1
7,0,0,0,384,113,235,24576,24000000,0,0,11,139,0,1,1
7,0,0,0,384,113,235,24576,24000000,0,0,11,139,0,1,1
7,0,0,0,384,113,235,24576,24000000,0,0,11,139,0,1,1
7,0,0,0,384,113,235,24576,24000000,0,0,11,139,0,1,1
7,0,0,0,384,113,235,24576,24000000,0,0,11,139,0,1,1
7,0,0,0,384,113,235,24576,24000000,0,0,11,139,0,1,1
7,0,0,0,384,113,235,24576,24000000,0,0,11,139,0,1,1
7,0,0,0,384,113,235,24576,24000000,0,0,11,139,0,1,1
7,0,0,0,384,113,235,24576,24000000,0,0,11,139,0,1,1
7,0,0,0,384,113,235,24576,24000000,0,0,11,139,0,1,1
7,0,0,0,384,113,235,24576,24000000,0,0,11,139,0,1,1
7,0,0,0,384,113,235,24576,24000000,0,0,11,139,0,1,1
7,0,0,0,384,113,235,24576,24000000,0,0,11,139,0,1,1
7,0,0,0,384,113,235,24576,24000000,0,0,11,139,0,1,1
7,0,0,0,384,113,235,24576,24000000,0,0,11,139,0,1,1
7,0,0,0,384,113,235,24576,24000000,0,0,11,139,0,1,1
7,0,0,0,384,113,235,24576,28000000,0,0,11,139,0,1,1
7,0,0,0,384,113,235,24576,28000000,0,0,11,139,0,1,1
7,0,0,0,384,113,235,24576,28000000,0,0,11,139,0,1,1
7,0,0,0,384,113,235,24576,28000000,0,0,11,139,0,1,1
7,0,0,0,384,113,235,24576,28000000,0,0,11,139,0,1,1
7,0,0,0,384,113,235,24576,28000000,0,0,11,139,0,1,1
7,0,0,0,384,113,235,24576,28000000,0,0,11,139,0,1,1
7,0,0,0,384,113,235,24576,28000000,0,0,11,139,0,1,1
7,0,0,0,384,113,235,24576,28000000,0,0,11,139,0,1,1
7,0,0,0,384,113,235,24576,28000000,0,0,11,139,0,1,1
7,0,0,0,384,113,235,24576,28000000,0,0,11,139,0,1,1
7,0,0,0,384,113,235,24576,28000000,0,0,11,139,0,1,1
7,0,0,0,384,113,235,24576,28000000,0,0,11,139,0,1,1
7,0,0,0,384,113,235,24576,28000000,0,0,11,139,0,1,1
7,0,0,0,384,113,235,24576,28000000,0,0,11,139,0,1,1
7,0,0,0,384,113,235,24576,28000000,0,0,11,139,0,1,1
7,0,0,0,384,113,235,24576,28000000,0,0,11,139,0,1,1
7,0,0,0,384,113,235,24576,28000000,0,0,11,139,0,1,1
7,0,0,0,384,113,235,24576,28000000,0,0,11,139,0,1,1
7,0,0,0,384,113,235,24576,28000000,0,0,11,139,0,1,1
7,0,0,0,384,113,235,24576,28000000,0,0,11,139,0,1,1
7,0,0,0,384,113,235,24576,28000000,0,0,11,139,0,1,1
7,0,0,0,384,113,235,24576,28000000,0,0,11,139,0,1,1
7,0,0,0,384,113,235,24576,28000000,0,0,11,139,0,1,1
7,0,0,0,384,113,235,24576,28000000,0,0,11,139,0,1,1
7,0,0,0,384,113,235,24576,28000000,0,0,11,139,0,1,1
7,0,0,0,384,113,235,24576,28000000,0,0,11,139,0,1,1
7,0,0,0,384,113,235,24576,28000000,0,0,11,139,0,1,1
7,0,0,0,384,113,235,24576,28000000,0,0,11,139,0,1,1
7,0,0,0,384,113,235,24576,28000000,0,0,11,139,0,1,1
7,0,0,0,384,113,235,24576,28000000,0,0,11,139,0,1,1
7,0,0,0,384,113,235,24576,28000000,0,0,11,139,0,1,1
7,0,0,0,384,113,235,24576,28000000,0,0,11,139,0,1,1
7,0,0,0,384,113,235,24576,32000000,0,0,12,139,0,1,1
7,0,0,0,384,113,235,24576,32000000,0,0,12,139,0,1,1
7,0,0,0,384,113,235,24576,32000000,0,0,12,139,0,1,1
7,0,0,0,384,113,235,24576,32000000,0,0,12,139,0,1,1
7,0,0,0,384,113,235,24576,32000000,0,0,12,139,0,1,1
7,0,0,0,384,113,235,24576,32000000,0,0,12,139,0,1,1
7,0,0,0,384,113,235,24576,32000000,0,0,12,139,0,1,1
7,0,0,0,384,113,235,24576,32000000,0,0,12,139,0,1,1
7,0,0,0,384,113,235,24576,32000000,0,0,12,139,0,1,1
7,0,0,0,384,113,235,24576,32000000,0,0,12,139,0,1,1
7,0,0,0,384,113,235,24576,32000000,0,0,12,139,0,1,1
7,0,0,0,384,113,235,24576,32000000,0,0,12,139,0,1,1
7,0,0,0,384,113,235,24576,32000000,0,0,12,139,0,1,1
7,0,0,0,384,113,235,24576,32000000,0,0,12,139,0,1,1
7,0,0,0,384,113,235,24576,32000000,0,0,12,139,0,1,1
7,0,0,0,384,113,235,24576,32000000,0,0,12,139,0,1,1
7,0,0,0,384,113,235,24576,32000000,0,0,12,139,0,1,1
7,0,0,0,384,113,235,24576,32000000,0,0,12,139,0,1,1
7,0,0,0,384,113,235,24576,32000000,0,0,12,139,0,1,1
7,0,0,0,384,113,235,24576,32000000,0,0,12,139,0,1,1
7,0,0,0,384,113,235,24576,32000000,0,0,12,139,0,1,1
7,0,0,0,384,113,235,24576,32000000,0,0,12,139,0,1,1
7,0,0,0,384,113,235,24576,32000000,0,0,12,139,0,1,1
7,0,0,0,384,113,235,24576,32000000,0,0,12,139,0,1,1
7,0,0,0,384,113,235,24576,32000000,0,0,12,139,0,1,1
7,0,0,0,384,113,235,24576,32000000,0,0,12,139,0,1,1
7,0,0,0,384,113,235,24576,32000000,0,0,12,139,0,1,1
7,0,0,0,384,113,235,24576,32000000,0,0,12,139,0,1,1
7,0,0,0,384,113,235,24576,32000000,0,0,12,139,0,1,1
7,0,0,0,384,113,235,24576,32000000,0,0,12,139,0,1,1
7,0,0,0,384,113,235,24576,32000000,0,0,12,139,0,1,1
7,0,0,0,384,113,235,24576,36000000,0,0,12,139,0,1,1
7,0,0,0,384,113,235,24576,36000000,0,0,12,139,0,1,1
7,0,0,0,384,113,235,24576,36000000,0,0,12,139,0,1,1
7,0,0,0,384,113,235,24576,36000000,0,0,12,139,0,1,1
7,0,0,0,384,113,235,24576,36000000,0,0,12,139,0,1,1
7,0,0,0,384,113,235,24576,36000000,0,0,12,139,0,1,1
7,0,0,0,384,113,235,24576,36000000,0,0,12,139,0,1,1
7,0,0,0,384,113,235,24576,36000000,0,0,12,139,0,1,1
7,0,0,0,384,113,235,24576,36000000,0,0,12,139,0,1,1
7,0,0,0,384,113,235,24576,36000000,0,0,12,139,0,1,1
7,0,0,0,384,113,235,24576,36000000,0,0,12,139,0,1,1
7,0,0,0,384,113,235,24576,36000000,0,0,12,139,0,1,1
7,0,0,0,384,113,235,24576,36000000,0,0,12,139,0,1,1
7,0,0,0,384,113,235,24576,36000000,0,0,12,139,0,1,1
7,0,0,0,384,113,235,24576,36000000,0,0,12,139,0,1,1
7,0,0,0,384,113,235,24576,36000000,0,0,12,139,0,1,1
7,0,0,0,384,113,235,24576,36000000,0,0,12,139,0,1,1
7,0,0,0,384,113,235,24576,36000000,0,0,12,139,0,1,1
7,0,0,0,384,113,235,24576,36000000,0,0,12,139,0,1,1
7,0,0,0,384,113,235,24576,36000000,0,0,12,139,0,1,1
7,0,0,0,384,113,235,24576,36000000,0,0,12,139,0,1,1
7,0,0,0,384,113,235,24576,36000000,0,0,12,139,0,1,1
7,0,0,0,384,113,235,24576,36000000,0,0,12,139,0,1,1
7,0,0,0,384,113,235,24576,36000000,0,0,12,139,0,1,1
7,0,0,0,384,113,235,24576,36000000,0,0,12,139,0,1,1
7,0,0,0,384,113,235,24576,36000000,0,0,12,139,0,1,1
7,0,0,0,384,113,235,24576,36000000,0,0,12,139,0,1,1
7,0,0,0,384,113,235,24576,36000000,0,0,12,139,0,1,1
7,0,0,0,384,113,235,24576,36000000,0,0,12,139,0,1,1
7,0,0,0,384,113,235,24576,36000000,0,0,12,139,0,1,1
7,0,0,0,384,113,235,24576,36000000,0,0,12,139,0,1,1
7,0,0,0,384,113,235,24576,40000000,0,0,13,139,0,1,1
7,0,0,0,384,113,235,24576,40000000,0,0,13,139,0,1,1
7,0,0,0,384,113,235,24576,40000000,0,0,13,139,0,1,1
7,0,0,0,384,113,235,24576,40000000,0,0,13,139,0,1,1
7,0,0,0,384,113,235,24576,40000000,0,0,13,139,0,1,1
7,0,0,0,384,113,235,24576,40000000,0,0,13,139,0,1,1
7,0,0,0,384,113,235,24576,40000000,0,0,13,139,0,1,1
7,0,0,0,384,113,235,24576,40000000,0,0,13,139,0,1,1
7,0,0,0,384,113,235,24576,40000000,0,0,13,139,0,1,1
7,0,0,0,384,113,235,24576,40000000,0,0,13,139,0,1,1
7,0,0,0,384,113,235,24576,40000000,0,0,13,139,0,1,1
7,0,0,0,384,113,235,24576,40000000,0,0,13,139,0,1,1
7,0,0,0,384,113,235,24576,40000000,0,0,13,139,0,1,1
7,0,0,0,384,113,235,24576,40000000,0,0,13,139,0,1,1
7,0,0,0,384,113,235,24576,40000000,0,0,13,139,0,1,1
7,0,0,0,384,113,235,24576,40000000,0,0,13,139,0,1,1
7,0,0,0,384,113,235,24576,40000000,0,0,13,139,0,1,1
7,0,0,0,384,113,235,24576,40000000,0,0,13,139,0,1,1
7,0,0,0,384,113,235,24576,40000000,0,0,13,139,0,1,1
7,0,0,0,384,113,235,24576,40000000,0,0,13,139,0,1,1
7,0,0,0,384,113,235,24576,40000000,0,0,13,139,0,1,1
7,0,0,0,384,113,235,24576,40000000,0,0,13,139,0,1,1
7,0,0,0,384,113,235,24576,40000000,0,0,13,139,0,1,1
7,0,0,0,384,113,235,24576,40000000,0,0,13,139,0,1,1
7,0,0,0,384,113,235,24576,40000000,0,0,13,139,0,1,1
7,0,0,0,384,113,235,24576,40000000,0,0,13,139,0,1,1
7,0,0,0,384,113,235,24576,40000000,0,0,13,139,0,1,1
7,0,0,0,384,113,235,24576,40000000,0,0,13,139,0,1,1
7,0,0,0,384,113,235,24576,40000000,0,0,13,139,0,1,1
7,0,0,0,384,113,235,24576,40000000,0,0,13,139,0,1,1
7,0,0,0,384,113,235,24576,40000000,0,0,13,139,0,1,1
7,0,0,0,384,113,235,24576,40000000,0,0,13,139,0,1,1
7,0,0,0,384,113,235,24576,40000000,0,0,13,139,0,1,1
7,0,0,0,384,113,235,24576,44000000,0,0,13,139,0,1,1
7,0,0,0,384,113,235,24576,44000000,0,0,13,139,0,1,1
7,0,0,0,384,113,235,24576,44000000,0,0,13,139,0,1,1
7,0,0,0,384,113,235,24576,44000000,0,0,13,139,0,1,1
7,0,0,0,384,113,235,24576,44000000,0,0,13,139,0,1,1
7,0,0,0,384,113,235,24576,44000000,0,0,13,139,0,1,1
7,0,0,0,384,113,235,24576,44000000,0,0,13,139,0,1,1
7,0,0,0,384,113,235,24576,44000000,0,0,13,139,0,1,1
7,0,0,0,384,113,235,24576,44000000,0,0,13,139,0,1,1
7,0,0,0,384,113,235,24576,44000000,0,0,13,139,0,1,1
7,0,0,0,384,113,235,24576,44000000,0,0,13,139,0,1,1
7,0,0,0,384,113,235,24576,44000000,0,0,13,139,0,1,1
7,0,0,0,384,113,235,24576,44000000,0,0,13,139,0,1,1
7,0,0,0,384,113,235,24576,44000000,0,0,13,139,0,1,1
7,0,0,0,384,113,235,24576,44000000,0,0,13,139,0,1,1
7,0,0,0,384,113,235,24576,44000000,0,0,13,139,0,1,1
7,0,0,0,384,113,235,24576,44000000,0,0,13,139,0,1,1
7,0,0,0,384,113,235,24576,44000000,0,0,13,139,0,1,1
7,0,0,0,384,113,235,24576,44000000,0,0,13,139,0,1,1
7,0,0,0,384,113,235,24576,44000000,0,0,13,139,0,1,1
7,0,0,0,384,113,235,24576,44000000,0,0,13,139,0,1,1
7,0,0,0,384,113,235,24576,44000000,0,0,13,139,0,1,1
7,0,0,0,384,113,235,24576,44000000,0,0,13,139,0,1,1
7,0,0,0,384,113,235,24576,44000000,0,0,13,139,0,1,1
7,0,0,0,384,113,235,24576,44000000,0,0,13,139,0,1,1
7,0,0,0,384,113,235,24576,44000000,0,0,13,139,0,1,1
7,0,0,0,384,113,235,24576,44000000,0,0,13,139,0,1,1
7,0,0,0,384,113,235,24576,44000000,0,0,13,139,0,1,1
7,0,0,0,384,113,235,24576,44000000,0,0,13,139,0,1,1
7,0,0,0,384,113,235,24576,44000000,0,0,13,139,0,1,1
7,0,0,0,384,113,235,24576,44000000,0,0,13,139,0,1,1
7,0,0,0,384,113,235,24576,44000000,0,0,13,139,0,1,1
7,0,0,0,384,113,235,24576,44000000,0,0,13,139,0,1,1
7,0,0,0,384,113,235,24576,48000000,0,0,14,139,0,1,1
7,0,0,0,384,113,235,24576,48000000,0,0,14,139,0,1,1
7,0,0,0,384,113,235,24576,48000000,0,0,14,139,0,1,1
7,0,0,0,384,113,235,24576,48000000,0,0,14,139,0,1,1
7,0,0,0,384,113,235,24576,48000000,0,0,14,139,0,1,1
7,0,0,0,384,113,235,24576,48000000,0,0,14,139,0,1,1
7,0,0,0,384,113,235,24576,48000000,0,0,14,139,0,1,1
7,0,0,0,384,113,235,24576,48000000,0,0,14,139,0,1,1
7,0,0,0,384,113,235,24576,48000000,0,0,14,139,0,1,1
7,0,0,0,384,113,235,24576,48000000,0,0,14,139,0,1,1
7,0,0,0,384,113,235,24576,48000000,0,0,14,139,0,1,1
7,0,0,0,384,113,235,24576,48000000,0,0,14,139,0,1,1
7,0,0,0,384,113,235,24576,48000000,0,0,14,139,0,1,1
7,0,0,0,384,113,235,24576,48000000,0,0,14,139,0,1,1
7,0,0,0,384,113,235,24576,48000000,0,0,14,139,0,1,1
7,0,0,0,384,113,235,24576,48000000,0,0,14,139,0,1,1
7,0,0,0,384,113,235,24576,48000000,0,0,14,139,0,1,1
7,0,0,0,384,113,235,24576,48000000,0,0,14,139,0,1,1
7,0,0,0,384,113,235,24576,48000000,0,0,14,139,0,1,1
7,0,0,0,384,113,235,24576,48000000,0,0,14,139,0,1,1
7,0,0,0,384,113,235,24576,48000000,0,0,14,139,0,1,1
7,0,0,0,384,113,235,24576,48000000,0,0,14,139,0,1,1
7,0,0,0,384,113,235,24576,48000000,0,0,14,139,0,1,1
7,0,0,0,384,113,235,24576,48000000,0,0,14,139,0,1,1
7,0,0,0,384,113,235,24576,48000000,0,0,14,139,0,1,1
7,0,0,0,384,113,235,24576,48000000,0,0,14,139,0,1,1
7,0,0,0,384,113,235,24576,48000000,0,0,14,139,0,1,1
7,0,0,0,384,113,235,24576,48000000,0,0,14,139,0,1,1
7,0,0,0,384,113,235,24576,48000000,0,0,14,139,0,1,1
7,0,0,0,384,113,235,24576,48000000,0,0,14,139,0,1,1
7,0,0,0,384,113,235,24576,48000000,0,0,14,139,0,1,1
7,0,0,0,384,113,235,24576,48000000,0,0,14,139,0,1,1
7,0,0,0,384,113,235,24576,48000000,0,0,14,139,0,1,1
7,0,0,0,384,113,235,24576,52000000,0,0,14,139,0,1,1
7,0,0,0,384,113,235,24576,52000000,0,0,14,139,0,1,1
7,0,0,0,384,113,235,24576,52000000,0,0,14,139,0,1,1
7,0,0,0,384,113,235,24576,52000000,0,0,14,139,0,1,1
7,0,0,0,384,113,235,24576,52000000,0,0,14,139,0,1,1
7,0,0,0,384,113,235,24576,52000000,0,0,14,139,0,1,1
7,0,0,0,384,113,235,24576,52000000,0,0,14,139,0,1,1
7,0,0,0,384,113,235,24576,52000000,0,0,14,139,0,1,1
7,0,0,0,384,113,235,24576,52000000,0,0,14,139,0,1,1
7,0,0,0,384,113,235,24576,52000000,0,0,14,139,0,1,1
7,0,0,0,384,113,235,24576,52000000,0,0,14,139,0,1,1
7,0,0,0,384,113,235,24576,52000000,0,0,14,139,0,1,1
7,0,0,0,384,113,235,24576,52000000,0,0,14,139,0,1,1
7,0,0,0,384,113,235,24576,52000000,0,0,14,139,0,1,1
7,0,0,0,384,113,235,24576,52000000,0,0,14,139,0,1,1
7,0,0,0,384,113,235,24576,52000000,0,0,14,139,0,1,1
7,0,0,0,384,113,235,24576,52000000,0,0,14,139,0,1,1
7,0,0,0,384,113,235,24576,52000000,0,0,14,139,0,1,1
7,0,0,0,384,113,235,24576,52000000,0,0,14,139,0,1,1
7,0,0,0,384,113,235,24576,52000000,0,0,14,139,0,1,1
7,0,0,0,384,113,235,24576,52000000,0,0,14,139,0,1,1
7,0,0,0,384,113,235,24576,52000000,0,0,14,139,0,1,1
7,0,0,0,384,113,235,24576,52000000,0,0,14,139,0,1,1
7,0,0,0,384,113,235,24576,52000000,0,0,14,139,0,1,1
7,0,0,0,384,113,235,24576,52000000,0,0,14,139,0,1,1
7,0,0,0,384,113,235,24576,52000000,0,0,14,139,0,1,1
7,0,0,0,384,113,235,24576,52000000,0,0,14,139,0,1,1
7,0,0,0,384,113,235,24576,52000000,0,0,14,139,0,1,1
7,0,0,0,384,113,235,24576,52000000,0,0,14,139,0,1,1
7,0,0,0,384,113,235,24576,52000000,0,0,14,139,0,1,1
7,0,0,0,384,113,235,24576,52000000,0,0,14,139,0,1,1
7,0,0,0,384,113,235,24576,52000000,0,0,14,139,0,1,1
7,0,0,0,384,113,235,24576,52000000,0,0,14,139,0,1,1
7,0,0,0,384,113,235,24576,56000000,0,0,15,139,0,1,1
7,0,0,0,384,113,235,24576,56000000,0,0,15,139,0,1,1
7,0,0,0,384,113,235,24576,56000000,0,0,15,139,0,1,1
7,0,0,0,384,113,235,24576,56000000,0,0,15,139,0,1,1
7,0,0,0,384,113,235,24576,56000000,0,0,15,139,0,1,1
7,0,0,0,384,113,235,24576,56000000,0,0,15,139,0,1,1
7,0,0,0,384,113,235,24576,56000000,0,0,15,139,0,1,1
7,0,0,0,384,113,235,24576,56000000,0,0,15,139,0,1,1
7,0,0,0,384,113,235,24576,56000000,0,0,15,139,0,1,1
7,0,0,0,384,113,235,24576,56000000,0,0,15,139,0,1,1
7,0,0,0,384,113,235,24576,56000000,0,0,15,139,0,1,1
7,0,0,0,384,113,235,24576,56000000,0,0,15,139,0,1,1
7,0,0,0,384,113,235,24576,56000000,0,0,15,139,0,1,1
7,0,0,0,384,113,235,24576,56000000,0,0,15,139,0,1,1
7,0,0,0,384,113,235,24576,56000000,0,0,15,139,0,1,1
7,0,0,0,384,113,235,24576,56000000,0,0,15,139,0,1,1
7,0,0,0,384,113,235,24576,56000000,0,0,15,139,0,1,1
7,0,0,0,384,113,235,24576,56000000,0,0,15,139,0,1,1
7,0,0,0,384,113,235,24576,56000000,0,0,15,139,0,1,1
7,0,0,0,384,113,235,24576,56000000,0,0,15,139,0,1,1
7,0,0,0,384,113,235,24576,56000000,0,0,15,139,0,1,1
7,0,0,0,384,113,235,24576,56000000,0,0,15,139,0,1,1
7,0,0,0,384,113,235,24576,56000000,0,0,15,139,0,1,1
7,0,0,0,384,113,235,24576,56000000,0,0,15,139,0,1,1
7,0,0,0,384,113,235,24576,56000000,0,0,15,139,0,1,1
7,0,0,0,384,113,235,24576,56000000,0,0,15,139,0,1,1
7,0,0,0,384,113,235,24576,56000000,0,0,15,139,0,1,1
7,0,0,0,384,113,235,24576,56000000,0,0,15,139,0,1,1
7,0,0,0,384,113,235,24576,56000000,0,0,15,139,0,1,1
7,0,0,0,384,113,235,24576,56000000,0,0,15,139,0,1,1
7,0,0,0,384,113,235,24576,56000000,0,0,15,139,0,1,1
7,0,0,0,384,113,235,24576,56000000,0,0,15,139,0,1,1
7,0,0,0,384,113,235,24576,56000000,0,0,15,139,0,1,1
7,0,0,0,384,113,235,24576,60000000,0,0,15,139,0,1,1
7,0,0,0,384,113,235,24576,60000000,0,0,15,139,0,1,1
7,0,0,0,384,113,235,24576,60000000,0,0,15,139,0,1,1
7,0,0,0,384,113,235,24576,60000000,0,0,15,139,0,1,1
7,0,0,0,384,113,235,24576,60000000,0,0,15,139,0,1,1
7,0,0,0,384,113,235,24576,60000000,0,0,15,139,0,1,1
7,0,0,0,384,113,235,24576,60000000,0,0,15,139,0,1,1
7,0,0,0,384,113,235,24576,60000000,0,0,15,139,0,1,1
7,0,0,0,384,113,235,24576,60000000,0,0,15,139,0,1,1
7,0,0,0,384,113,235,24576,60000000,0,0,15,139,0,1,1
7,0,0,0,384,113,235,24576,60000000,0,0,15,139,0,1,1
7,0,0,0,384,113,235,24576,60000000,0,0,15,139,0,1,1
7,0,0,0,384,113,235,24576,60000000,0,0,15,139,0,1,1
7,0,0,0,384,113,235,24576,60000000,0,0,15,139,0,1,1
7,0,0,0,384,113,235,24576,60000000,0,0,15,139,0,1,1
7,0,0,0,384,113,235,24576,60000000,0,0,15,139,0,1,1
7,0,0,0,384,113,235,24576,60000000,0,0,15,139,0,1,1
7,0,0,0,384,113,235,24576,60000000,0,0,15,139,0,1,1
7,0,0,0,384,113,235,24576,60000000,0,0,15,139,0,1,1
7,0,0,0,384,113,235,24576,60000000,0,0,15,139,0,1,1
7,0,0,0,384,113,235,24576,60000000,0,0,15,139,0,1,1
7,0,0,0,384,113,235,24576,60000000,0,0,15,139,0,1,1
7,0,0,0,384,113,235,24576,60000000,0,0,15,139,0,1,1
7,0,0,0,384,113,235,24576,60000000,0,0,15,139,0,1,1
7,0,0,0,384,113,235,24576,60000000,0,0,15,139,0,1,1
7,0,0,0,384,113,235,24576,60000000,0,0,15,139,0,1,1
7,0,0,0,384,113,235,24576,60000000,0,0,15,139,0,1,1
7,0,0,0,384,113,235,24576,60000000,0,0,15,139,0,1,1
7,0,0,0,384,113,235,24576,60000000,0,0,15,139,0,1,1
7,0,0,0,384,113,235,24576,60000000,0,0,15,139,0,1,1
7,0,0,0,384,113,235,24576,60000000,0,0,15,139,0,1,1
7,0,0,0,384,113,235,24576,60000000,0,0,15,139,0,1,1
7,0,0,0,384,113,235,24576,60000000,0,0,15,139,0,1,1
7,0,0,0,384,113,235,24576,64000000,0,0,16,139,0,1,1
7,0,0,0,384,113,235,24576,64000000,0,0,16,139,0,1,1
7,0,0,0,384,113,235,24576,64000000,0,0,16,139,0,1,1
7,0,0,0,384,113,235,24576,64000000,0,0,16,139,0,1,1
7,0,0,0,384,113,235,24576,64000000,0,0,16,139,0,1,1
7,0,0,0,384,113,235,24576,64000000,0,0,16,139,0,1,1
7,0,0,0,384,113,235,24576,64000000,0,0,16,139,0,1,1
7,0,0,0,384,113,235,24576,64000000,0,0,16,139,0,1,1
7,0,0,0,384,113,235,24576,64000000,0,0,16,139,0,1,1
7,0,0,0,384,113,235,24576,64000000,0,0,16,139,0,1,1
7,0,0,0,384,113,235,24576,64000000,0,0,16,139,0,1,1
7,0,0,0,384,113,235,24576,64000000,0,0,16,139,0,1,1
7,0,0,0,384,113,235,24576,64000000,0,0,16,139,0,1,1
7,0,0,0,384,113,235,24576,64000000,0,0,16,139,0,1,1
7,0,0,0,384,113,235,24576,64000000,0,0,16,139,0,1,1
7,0,0,0,384,113,235,24576,64000000,0,0,16,139,0,1,1
7,0,0,0,384,113,235,24576,64000000,0,0,16,139,0,1,1
7,0,0,0,384,113,235,24576,64000000,0,0,16,139,0,1,1
7,0,0,0,384,113,235,24576,64000000,0,0,16,139,0,1,1
7,0,0,0,384,113,235,24576,64000000,0,0,16,139,0,1,1
7,0,0,0,384,113,235,24576,64000000,0,0,16,139,0,1,1
7,0,0,0,384,113,235,24576,64000000,0,0,16,139,0,1,1
7,0,0,0,384,113,235,24576,64000000,0,0,16,139,0,1,1
7,0,0,0,384,113,235,24576,64000000,0,0,16,139,0,1,1
7,0,0,0,384,113,235,24576,68000000,0,0,16,139,0,1,1
7,0,0,0,384,113,235,24576,68000000,0,0,16,139,0,1,1
7,0,0,0,384,113,235,24576,68000000,0,0,16,139,0,1,1
7,0,0,0,384,113,235,24576,68000000,0,0,16,139,0,1,1
7,0,0,0,384,113,235,24576,68000000,0,0,16,139,0,1,1
7,0,0,0,384,113,235,24576,68000000,0,0,16,139,0,1,1
7,0,0,0,384,113,235,24576,68000000,0,0,16,139,0,1,1
7,0,0,0,384,113,235,24576,68000000,0,0,16,139,0,1,1
7,0,0,0,384,113,235,24576,68000000,0,0,16,139,0,1,1
7,0,0,0,384,113,235,24576,68000000,0,0,16,139,0,1,1
7,0,0,0,384,113,235,24576,68000000,0,0,16,139,0,1,1
7,0,0,0,384,113,235,24576,68000000,0,0,16,139,0,1,1
7,0,0,0,384,113,235,24576,68000000,0,0,16,139,0,1,1
7,0,0,0,384,113,235,24576,68000000,0,0,16,139,0,1,1
7,0,0,0,384,113,235,24576,68000000,0,0,16,139,0,1,1
7,0,0,0,384,113,235,24576,68000000,0,0,16,139,0,1,1
7,0,0,0,384,113,235,24576,68000000,0,0,16,139,0,1,1
7,0,0,0,384,113,235,24576,68000000,0,0,16,139,0,1,1
7,0,0,0,384,113,235,24576,68000000,0,0,16,139,0,1,1
7,0,0,0,384,113,235,24576,68000000,0,0,16,139,0,1,1
7,0,0,0,384,113,235,24576,68000000,0,0,16,139,0,1,1
7,0,0,0,384,113,235,24576,68000000,0,0,16,139,0,1,1
7,0,0,0,384,113,235,24576,68000000,0,0,16,139,0,1,1
7,0,0,0,384,113,235,24576,68000000,0,0,16,139,0,1,1
7,0,0,0,384,113,235,24576,68000000,0,0,16,139,0,1,1
7,0,0,0,384,113,235,24576,68000000,0,0,16,139,0,1,1
7,0,0,0,384,113,235,24576,68000000,0,0,16,139,0,1,1
7,0,0,0,384,113,235,24576,68000000,0,0,16,139,0,1,1
7,0,0,0,384,113,235,24576,68000000,0,0,16,139,0,1,1
7,0,0,0,384,113,235,24576,68000000,0,0,16,139,0,1,1
7,0,0,0,384,113,235,24576,68000000,0,0,16,139,0,1,1
7,0,0,0,384,113,235,24576,68000000,0,0,16,139,0,1,1
7,0,0,0,384,113,235,24576,68000000,0,0,16,139,0,1,1
7,0,0,0,384,113,235,24576,72000000,0,0,17,139,0,1,1
7,0,0,0,384,113,235,24576,72000000,0,0,17,139,0,1,1
7,0,0,0,384,113,235,24576,72000000,0,0,17,139,0,1,1
7,0,0,0,384,113,235,24576,72000000,0,0,17,139,0,1,1
7,0,0,0,384,113,235,24576,72000000,0,0,17,139,0,1,1
7,0,0,0,384,113,235,24576,72000000,0,0,17,139,0,1,1
7,0,0,0,384,113,235,24576,72000000,0,0,17,139,0,1,1
7,0,0,0,384,113,235,24576,72000000,0,0,17,139,0,1,1
7,0,0,0,384,113,235,24576,72000000,0,0,17,139,0,1,1
7,0,0,0,384,113,235,24576,72000000,0,0,17,139,0,1,1
7,0,0,0,384,113,235,24576,72000000,0,0,17,139,0,1,1
7,0,0,0,384,113,235,24576,72000000,0,0,17,139,0,1,1
7,0,0,0,384,113,235,24576,72000000,0,0,17,139,0,1,1
7,0,0,0,384,113,235,24576,72000000,0,0,17,139,0,1,1
7,0,0,0,384,113,235,24576,72000000,0,0,17,139,0,1,1
7,0,0,0,384,113,235,24576,72000000,0,0,17,139,0,1,1
7,0,0,0,384,113,235,24576,72000000,0,0,17,139,0,1,1
7,0,0,0,384,113,235,24576,72000000,0,0,17,139,0,1,1
7,0,0,0,384,113,235,24576,72000000,0,0,17,139,0,1,1
7,0,0,0,384,113,235,24576,72000000,0,0,17,139,0,1,1
7,0,0,0,384,113,235,24576,72000000,0,0,17,139,0,1,1
7,0,0,0,384,113,235,24576,72000000,0,0,17,139,0,1,1
7,0,0,0,384,113,235,24576,72000000,0,0,17,139,0,1,1
7,0,0,0,384,113,235,24576,72000000,0,0,17,139,0,1,1
7,0,0,0,384,113,235,24576,72000000,0,0,17,139,0,1,1
7,0,0,0,384,113,235,24576,72000000,0,0,17,139,0,1,1
7,0,0,0,384,113,235,24576,72000000,0,0,17,139,0,1,1
7,0,0,0,384,113,235,24576,72000000,0,0,17,139,0,1,1
7,0,0,0,384,113,235,24576,72000000,0,0,17,139,0,1,1
7,0,0,0,384,113,235,24576,72000000,0,0,17,139,0,1,1
7,0,0,0,384,113,235,24576,72000000,0,0,17,139,0,1,1
7,0,0,0,384,113,235,24576,72000000,0,0,17,139,0,1,1
7,0,0,0,384,113,235,24576,72000000,0,0,17,139,0,1,1
7,0,0,0,384,113,235,24576,76000000,0,0,17,139,0,1,1
7,0,0,0,384,113,235,24576,76000000,0,0,17,139,0,1,1
7,0,0,0,384,113,235,24576,76000000,0,0,17,139,0,1,1
7,0,0,0,384,113,235,24576,76000000,0,0,17,139,0,1,1
7,0,0,0,384,113,235,24576,76000000,0,0,17,139,0,1,1
7,0,0,0,384,113,235,24576,76000000,0,0,17,139,0,1,1
7,0,0,0,384,113,235,24576,76000000,0,0,17,139,0,1,1
7,0,0,0,384,113,235,24576,76000000,0,0,17,139,0,1,1
7,0,0,0,384,113,235,24576,76000000,0,0,17,139,0,1,1
7,0,0,0,384,113,235,24576,76000000,0,0,17,139,0,1,1
7,0,0,0,384,113,235,24576,76000000,0,0,17,139,0,1,1
7,0,0,0,384,113,235,24576,76000000,0,0,17,139,0,1,1
7,0,0,0,384,113,235,24576,76000000,0,0,17,139,0,1,1
7,0,0,0,384,113,235,24576,76000000,0,0,17,139,0,1,1
7,0,0,0,384,113,235,24576,76000000,0,0,17,139,0,1,1
7,0,0,0,384,113,235,24576,76000000,0,0,17,139,0,1,1
7,0,0,0,384,113,235,24576,76000000,0,0,17,139,0,1,1
7,0,0,0,384,113,235,24576,76000000,0,0,17,139,0,1,1
7,0,0,0,384,113,235,24576,76000000,0,0,17,139,0,1,1
7,0,0,0,384,113,235,24576,76000000,0,0,17,139,0,1,1
7,0,0,0,384,113,235,24576,76000000,0,0,17,139,0,1,1
7,0,0,0,384,113,235,24576,76000000,0,0,17,139,0,1,1
7,0,0,0,384,113,235,24576,76000000,0,0,17,139,0,1,1
7,0,0,0,384,113,235,24576,76000000,0,0,17,139,0,1,1
7,0,0,0,384,113,235,24576,76000000,0,0,17,139,0,1,1
7,0,0,0,384,113,235,24576,76000000,0,0,17,139,0,1,1
7,0,0,0,384,113,235,24576,76000000,0,0,17,139,0,1,1
7,0,0,0,384,113,235,24576,76000000,0,0,17,139,0,1,1
7,0,0,0,384,113,235,24576,76000000,0,0,17,139,0,1,1
7,0,0,0,384,113,235,24576,76000000,0,0,17,139,0,1,1
7,0,0,0,384,113,235,24576,76000000,0,0,17,139,0,1,1
7,0,0,0,384,113,235,24576,76000000,0,0,17,139,0,1,1
7,0,0,0,384,113,235,24576,76000000,0,0,17,139,0,1,1
7,0,0,0,384,113,235,24576,80000000,0,0,17,139,0,1,1
7,0,0,0,384,113,235,24576,80000000,0,0,17,139,0,1,1
7,0,0,0,384,113,235,24576,80000000,0,0,17,139,0,1,1
7,0,0,0,384,113,235,24576,80000000,0,0,17,139,0,1,1
7,0,0,0,384,113,235,24576,80000000,0,0,17,139,0,1,1
7,0,0,0,384,113,235,24576,80000000,0,0,17,139,0,1,1
7,0,0,0,384,113,235,24576,80000000,0,0,17,139,0,1,1
7,0,0,0,384,113,235,24576,80000000,0,0,17,139,0,1,1
7,0,0,0,384,113,235,24576,80000000,0,0,17,139,0,1,1
7,0,0,0,384,113,235,24576,80000000,0,0,17,139,0,1,1
7,0,0,0,384,113,235,24576,80000000,0,0,17,139,0,1,1
7,0,0,0,384,113,235,24576,80000000,0,0,17,139,0,1,1
7,0,0,0,384,113,235,24576,80000000,0,0,17,139,0,1,1
7,0,0,0,384,113,235,24576,80000000,0,0,17,139,0,1,1
7,0,0,0,384,113,235,24576,80000000,0,0,17,139,0,1,1
7,0,0,0,384,113,235,24576,80000000,0,0,17,139,0,1,1
7,0,0,0,384,113,235,24576,80000000,0,0,17,139,0,1,1
7,0,0,0,384,113,235,24576,80000000,0,0,17,139,0,1,1
7,0,0,0,384,113,235,24576,80000000,0,0,17,139,0,1,1
7,0,0,0,384,113,235,24576,80000000,0,0,17,139,0,1,1
7,0,0,0,384,113,235,24576,80000000,0,0,17,139,0,1,1
7,0,0,0,384,113,235,24576,80000000,0,0,17,139,0,1,1
7,0,0,0,384,113,235,24576,80000000,0,0,17,139,0,1,1
7,0,0,0,384,113,235,24576,80000000,0,0,17,139,0,1,1
7,0,0,0,384,113,235,24576,80000000,0,0,17,139,0,1,1
7,0,0,0,384,113,235,24576,80000000,0,0,17,139,0,1,1
7,0,0,0,384,113,235,24576,80000000,0,0,17,139,0,1,1
7,0,0,0,384,113,235,24576,80000000,0,0,17,139,0,1,1
7,0,0,0,384,113,235,24576,80000000,0,0,17,139,0,1,1
7,0,0,0,384,113,235,24576,80000000,0,0,17,139,0,1,1
7,0,0,0,384,113,235,24576,80000000,0,0,17,139,0,1,1
7,0,0,0,384,113,235,24576,80000000,0,0,17,139,0,1,1
7,0,0,0,384,113,235,24576,80000000,0,0,17,139,0,1,1
7,0,0,0,384,113,235,24576,84000000,0,0,17,139,0,1,1
7,0,0,0,384,113,235,24576,84000000,0,0,17,139,0,1,1
7,0,0,0,384,113,235,24576,84000000,0,0,17,139,0,1,1
7,0,0,0,384,113,235,24576,84000000,0,0,17,139,0,1,1
7,0,0,0,384,113,235,24576,84000000,0,0,17,139,0,1,1
7,0,0,0,384,113,235,24576,84000000,0,0,17,139,0,1,1
7,0,0,0,384,113,235,24576,84000000,0,0,17,139,0,1,1
7,0,0,0,384,113,235,24576,84000000,0,0,17,139,0,1,1
7,0,0,0,384,113,235,24576,84000000,0,0,17,139,0,1,1
7,0,0,0,384,113,235,24576,84000000,0,0,17,139,0,1,1
7,0,0,0,384,113,235,24576,84000000,0,0,17,139,0,1,1
7,0,0,0,384,113,235,24576,84000000,0,0,17,139,0,1,1
7,0,0,0,384,113,235,24576,84000000,0,0,17,139,0,1,1
7,0,0,0,384,113,235,24576,84000000,0,0,17,139,0,1,1
7,0,0,0,384,113,235,24576,84000000,0,0,17,139,0,1,1
7,0,0,0,384,113,235,24576,84000000,0,0,17,139,0,1,1
7,0,0,0,384,113,235,24576,84000000,0,0,17,139,0,1,1
7,0,0,0,384,113,235,24576,84000000,0,0,17,139,0,1,1
7,0,0,0,384,113,235,24576,84000000,0,0,17,139,0,1,1
7,0,0,0,384,113,235,24576,84000000,0,0,17,139,0,1,1
7,0,0,0,384,113,235,24576,84000000,0,0,17,139,0,1,1
7,0,0,0,384,113,235,24576,84000000,0,0,17,139,0,1,1
7,0,0,0,384,113,235,24576,84000000,0,0,17,139,0,1,1
7,0,0,0,384,113,235,24576,84000000,0,0,17,139,0,1,1
7,0,0,0,384,113,235,24576,84000000,0,0,17,139,0,1,1
7,0,0,0,384,113,235,24576,84000000,0,0,17,139,0,1,1
7,0,0,0,384,113,235,24576,84000000,0,0,17,139,0,1,1
7,0,0,0,384,113,235,24576,84000000,0,0,17,139,0,1,1
7,0,0,0,384,113,235,24576,84000000,0,0,17,139,0,1,1
7,0,0,0,384,113,235,24576,84000000,0,0,17,139,0,1,1
7,0,0,0,384,113,235,24576,84000000,0,0,17,139,0,1,1
7,0,0,0,384,113,235,24576,84000000,0,0,17,139,0,1,1
7,0,0,0,384,113,235,24576,84000000,0,0,17,139,0,1,1
7,0,0,0,384,113,235,24576,84000000,0,0,17,139,0,1,1
7,0,0,0,384,113,235,24576,88000000,0,0,17,139,0,1,1
7,0,0,0,384,113,235,24576,88000000,0,0,17,139,0,1,1
7,0,0,0,384,113,235,24576,88000000,0,0,17,139,0,1,1
7,0,0,0,384,113,235,24576,88000000,0,0,17,139,0,1,1
7,0,0,0,384,113,235,24576,88000000,0,0,17,139,0,1,1
7,0,0,0,384,113,235,24576,88000000,0,0,17,139,0,1,1
7,0,0,0,384,113,235,24576,88000000,0,0,17,139,0,1,1
7,0,0,0,384,113,235,24576,88000000,0,0,17,139,0,1,1
7,0,0,0,384,113,235,24576,88000000,0,0,17,139,0,1,1
7,0,0,0,384,113,235,24576,88000000,0,0,17,139,0,1,1
7,0,0,0,384,113,235,24576,88000000,0,0,17,139,0,1,1
7,0,0,0,384,113,235,24576,88000000,0,0,17,139,0,1,1
7,0,0,0,384,113,235,24576,88000000,0,0,17,139,0,1,1
7,0,0,0,384,113,235,24576,88000000,0,0,17,139,0,1,1
7,0,0,0,384,113,235,24576,88000000,0,0,17,139,0,1,1
7,0,0,0,384,113,235,24576,88000000,0,0,17,139,0,1,1
7,0,0,0,384,113,235,24576,88000000,0,0,17,139,0,1,1
7,0,0,0,384,113,235,24576,88000000,0,0,17,139,0,1,1
7,0,0,0,384,113,235,24576,88000000,0,0,17,139,0,1,1
7,0,0,0,384,113,235,24576,88000000,0,0,17,139,0,1,1
7,0,0,0,384,113,235,24576,88000000,0,0,17,139,0,1,1
7,0,0,0,384,113,235,24576,88000000,0,0,17,139,0,1,1
7,0,0,0,384,113,235,24576,88000000,0,0,17,139,0,1,1
7,0,0,0,384,113,235,24576,88000000,0,0,17,139,0,1,1
7,0,0,0,384,113,235,24576,88000000,0,0,17,139,0,1,1
7,0,0,0,384,113,235,24576,88000000,0,0,17,139,0,1,1
7,0,0,0,384,113,235,24576,88000000,0,0,17,139,0,1,1
7,0,0,0,384,113,235,24576,88000000,0,0,17,139,0,1,1
7,0,0,0,384,113,235,24576,88000000,0,0,17,139,0,1,1
7,0,0,0,384,113,235,24576,88000000,0,0,17,139,0,1,1
7,0,0,0,384,113,235,24576,88000000,0,0,17,139,0,1,1
7,0,0,0,384,113,235,24576,88000000,0,0,17,139,0,1,1
7,0,0,0,384,113,235,24576,92000000,0,0,17,139,0,1,1
7,0,0,0,384,113,235,24576,92000000,0,0,17,139,0,1,1
7,0,0,0,384,113,235,24576,92000000,0,0,17,139,0,1,1
7,0,0,0,384,113,235,24576,92000000,0,0,17,139,0,1,1
7,0,0,0,384,113,235,24576,92000000,0,0,17,139,0,1,1
7,0,0,0,384,113,235,24576,92000000,0,0,17,139,0,1,1
7,0,0,0,384,113,235,24576,92000000,0,0,17,139,0,1,1
7,0,0,0,384,113,235,24576,92000000,0,0,17,139,0,1,1
7,0,0,0,384,113,235,24576,92000000,0,0,17,139,0,1,1
7,0,0,0,384,113,235,24576,92000000,0,0,17,139,0,1,1
7,0,0,0,384,113,235,24576,92000000,0,0,17,139,0,1,1
7,0,0,0,384,113,235,24576,92000000,0,0,17,139,0,1,1
7,0,0,0,384,113,235,24576,92000000,0,0,17,139,0,1,1
7,0,0,0,384,113,235,24576,92000000,0,0,17,139,0,1,1
7,0,0,0,384,113,235,24576,92000000,0,0,17,139,0,1,1
7,0,0,0,384,113,235,24576,92000000,0,0,17,139,0,1,1
7,0,0,0,384,113,235,24576,92000000,0,0,18,139,0,1,1
7,0,0,0,384,113,235,24576,92000000,0,0,18,139,0,1,1
7,0,0,0,384,113,235,24576,92000000,0,0,18,139,0,1,1
7,0,0,0,384,113,235,24576,92000000,0,0,18,139,0,1,1
7,0,0,0,384,113,235,24576,92000000,0,0,18,139,0,1,1
7,0,0,0,384,113,235,24576,92000000,0,0,18,139,0,1,1
7,0,0,0,384,113,235,24576,92000000,0,0,18,139,0,1,1
7,0,0,0,384,113,235,24576,92000000,0,0,18,139,0,1,1
7,0,0,0,384,113,235,24576,92000000,0,0,18,139,0,1,1
7,0,0,0,384,113,235,24576,96000000,0,0,19,139,0,1,1
7,0,0,0,384,113,235,24576,96000000,0,0,19,139,0,1,1
7,0,0,0,384,113,235,24576,96000000,0,0,19,139,0,1,1
7,0,0,0,384,113,235,24576,96000000,0,0,19,139,0,1,1
7,0,0,0,384,113,235,24576,96000000,0,0,19,139,0,1,1
7,0,0,0,384,113,235,24576,96000000,0,0,19,139,0,1,1
7,0,0,0,384,113,235,24576,96000000,0,0,19,139,0,1,1
7,0,0,0,384,113,235,24576,96000000,0,0,19,139,0,1,1
7,0,0,0,384,113,235,24576,96000000,0,0,19,139,0,1,1
7,0,0,0,384,113,235,24576,96000000,0,0,19,139,0,1,1
7,0,0,0,384,113,235,24576,96000000,0,0,19,139,0,1,1
7,0,0,0,384,113,235,24576,96000000,0,0,19,139,0,1,1
7,0,0,0,384,113,235,24576,96000000,0,0,19,139,0,1,1
7,0,0,0,384,113,235,24576,96000000,0,0,19,139,0,1,1
7,0,0,0,384,113,235,24576,96000000,0,0,19,139,0,1,1
7,0,0,0,384,113,235,24576,96000000,0,0,19,139,0,1,1
7,0,0,0,384,113,235,24576,96000000,0,0,19,139,0,1,1
7,0,0,0,384,113,235,24576,96000000,0,0,19,139,0,1,1
7,0,0,0,384,113,235,24576,96000000,0,0,19,139,0,1,1
7,0,0,0,384,113,235,24576,96000000,0,0,19,139,0,1,1
7,0,0,0,384,113,235,24576,96000000,0,0,19,139,0,1,1
7,0,0,0,384,113,235,24576,96000000,0,0,19,139,0,1,1
7,0,0,0,384,113,235,24576,96000000,0,0,19,139,0,1,1
7,0,0,0,384,113,235,24576,96000000,0,0,19,139,0,1,1
7,0,0,0,384,113,235,24576,96000000,0,0,19,139,0,1,1
7,0,0,0,384,113,235,24576,96000000,0,0,19,139,0,1,1
7,0,0,0,384,113,235,24576,96000000,0,0,19,139,0,1,1
7,0,0,0,384,113,235,24576,96000000,0,0,19,139,0,1,1
7,0,0,0,384,113,235,24576,96000000,0,0,19,139,0,1,1
7,0,0,0,384,113,235,24576,96000000,0,0,19,139,0,1,1
7,0,0,0,384,113,235,24576,96000000,0,0,19,139,0,1,1
7,0,0,0,384,113,235,24576,96000000,0,0,19,139,0,1,1
7,0,0,0,384,113,235,24576,96000000,0,0,19,139,0,1,1
7,0,0,0,384,113,235,24576,96000000,0,0,19,139,0,1,1
7,0,0,0,384,113,235,24576,100000000,0,0,19,139,0,1,1
7,0,0,0,384,113,235,24576,100000000,0,0,19,139,0,1,1
7,0,0,0,384,113,235,24576,100000000,0,0,19,139,0,1,1
7,0,0,0,384,113,235,24576,100000000,0,0,19,139,0,1,1
7,0,0,0,384,113,235,24576,100000000,0,0,19,139,0,1,1
7,0,0,0,384,113,235,24576,100000000,0,0,19,139,0,1,1
7,0,0,0,384,113,235,24576,100000000,0,0,19,139,0,1,1
7,0,0,0,384,113,235,24576,100000000,0,0,19,139,0,1,1
7,0,0,0,384,113,235,24576,100000000,0,0,19,139,0,1,1
7,0,0,0,384,113,235,24576,100000000,0,0,19,139,0,1,1
7,0,0,0,384,113,235,24576,100000000,0,0,19,139,0,1,1
7,0,0,0,384,113,235,24576,100000000,0,0,19,139,0,1,1
7,0,0,0,384,113,235,24576,100000000,0,0,19,139,0,1,1
7,0,0,0,384,113,235,24576,100000000,0,0,19,139,0,1,1
7,0,0,0,384,113,235,24576,100000000,0,0,19,139,0,1,1
7,0,0,0,384,113,235,24576,100000000,0,0,19,139,0,1,1
7,0,0,0,384,113,235,24576,100000000,0,0,19,140,0,1,1
7,0,85,384,384,113,235,24576,0,0,0,0,9,0,1,1
7,0,85,384,384,113,235,24576,0,0,1,0,26,0,1,1
7,0,85,384,384,113,235,24576,0,0,1,0,26,0,1,1
7,0,85,384,384,113,235,24576,0,0,1,0,26,0,1,1
7,0,85,384,384,113,235,24576,0,0,1,0,26,0,1,1
7,0,85,384,384,113,235,24576,0,0,1,0,26,0,1,1
7,0,85,384,384,113,235,24576,0,0,1,0,26,0,1,1
7,0,85,384,384,113,235,24576,0,0,1,0,26,0,1,1
7,0,85,384,384,113,235,24576,0,0,1,0,26,0,1,1
7,0,85,384,384,113,235,24576,0,0,1,0,26,0,1,1
7,0,85,384,384,113,235,24576,0,0,1,0,26,0,1,1
7,0,85,384,384,113,235,24576,0,0,1,0,26,0,1,1
7,0,85,384,384,113,235,24576,0,0,1,0,26,0,1,1
7,0,85,384,384,113,235,24576,0,0,1,0,26,0,1,1
7,0,85,384,384,113,235,24576,0,0,1,0,26,0,1,1
7,0,85,384,384,113,235,24576,0,0,1,0,26,0,1,1
7,0,85,384,384,113,235,24576,0,0,1,0,26,0,1,1
7,0,85,384,384,113,235,24576,0,0,1,0,26,0,1,1
7,0,85,384,384,113,235,24576,0,0,1,0,26,0,1,1
7,0,85,384,384,113,235,24576,0,0,1,0,26,0,1,1
7,0,85,384,384,113,235,24576,0,0,1,0,26,0,1,1
7,0,85,384,384,113,235,24576,0,0,1,0,26,0,1,1
7,0,85,384,384,113,235,24576,0,0,1,0,26,0,1,1
7,0,85,384,384,113,235,24576,0,0,1,0,26,0,1,1
7,0,85,384,384,113,235,24576,0,0,1,0,26,0,1,1
7,0,85,384,384,113,235,24576,0,0,1,0,26,0,1,1
7,0,85,384,384,113,235,24576,0,0,1,0,26,0,1,1
7,0,85,384,384,113,235,24576,0,0,1,0,26,0,1,1
7,0,85,384,384,113,235,24576,0,0,1,0,26,0,1,1
7,0,85,384,384,113,235,24576,0,0,1,0,26,0,1,1
7,0,85,384,384,113,235,24576,0,0,1,0,26,0,1,1
7,0,85,384,384,113,235,24576,0,0,1,0,26,0,1,1
7,0,85,384,384,113,235,24576,0,0,1,0,26,0,1,1
7,0,85,384,384,113,235,24576,0,0,1,0,26,0,1,1
7,0,85,384,384,113,235,24576,0,0,1,0,26,0,1,1
7,0,85,384,384,113,235,24576,0,0,1,0,26,0,1,1
7,0,85,384,384,113,235,24576,0,0,1,0,26,0,1,1
7,0,85,384,384,113,235,24576,0,0,1,0,26,0,1,1
7,0,85,384,384,113,235,24576,0,0,1,0,26,0,1,1
7,0,85,384,384,113,235,24576,0,0,1,0,26,0,1,1
7,0,85,384,384,113,235,24576,0,0,1,0,26,0,1,1
7,0,85,384,384,113,235,24576,0,0,1,0,26,0,1,1
7,0,85,384,384,113,235,24576,0,0,1,0,26,0,1,1
7,0,85,384,384,113,235,24576,0,0,1,0,26,0,1,1
7,0,85,384,384,113,235,24576,0,0,1,0,26,0,1,1
7,0,85,384,384,113,235,24576,0,0,1,0,26,0,1,1
7,0,85,384,384,113,235,24576,0,0,1,0,26,0,1,1
7,0,85,384,384,113,235,24576,0,0,1,0,26,0,1,1
7,0,85,384,384,113,235,24576,0,0,1,0,26,0,1,1
7,0,85,384,384,113,235,24576,0,0,1,0,26,0,1,1
7,0,85,384,384,113,235,24576,0,0,1,0,26,0,1,1
7,0,85,384,384,113,235,24576,0,0,1,0,26,0,1,1
7,0,85,384,384,113,235,24576,0,0,1,0,26,0,1,1
7,0,85,384,384,113,235,24576,0,0,1,0,26,0,1,1
7,0,85,384,384,113,235,24576,0,0,1,0,26,0,1,1
7,0,85,384,384,113,235,24576,0,0,1,0,26,0,1,1
7,0,85,384,384,113,235,24576,0,0,1,0,26,0,1,1
7,0,85,384,384,113,235,24576,0,0,1,0,26,0,1,1
7,0,85,384,384,113,235,24576,0,0,1,0,26,0,1,1
7,0,85,384,384,113,235,24576,0,0,1,0,26,0,1,1
7,0,85,384,384,113,235,24576,0,0,1,0,26,0,1,1
7,0,85,384,384,113,235,24576,0,0,1,0,26,0,1,1
7,0,85,384,384,113,235,24576,0,0,1,0,26,0,1,1
7,0,85,384,384,113,235,24576,0,0,1,0,26,0,1,1
7,0,85,384,384,113,235,24576,0,0,1,0,26,0,1,1
7,0,85,384,384,113,235,24576,0,0,1,0,26,0,1,1
7,0,85,384,384,113,235,24576,0,0,1,0,26,0,1,1
7,0,85,384,384,113,235,24576,0,0,1,0,26,0,1,1
7,0,85,384,384,113,235,24576,0,0,1,0,26,0,1,1
7,0,85,384,384,113,235,24576,0,0,1,0,26,0,1,1
7,0,85,384,384,113,235,24576,0,0,1,0,26,0,1,1
7,0,85,384,384,113,235,24576,0,0,1,0,26,0,1,1
7,0,85,384,384,113,235,24576,0,0,1,0,26,0,1,1
7,0,85,384,384,113,235,24576,0,0,1,0,26,0,1,1
7,0,85,384,384,113,235,24576,0,0,1,0,26,0,1,1
7,0,85,384,384,113,235,24576,0,0,1,0,26,0,1,1
7,0,85,384,384,113,235,24576,0,0,1,0,26,0,1,1
7,0,85,384,384,113,235,24576,0,0,1,0,26,0,1,1
7,0,85,384,384,113,235,24576,0,0,1,0,26,0,1,1
7,0,85,384,384,113,235,24576,0,0,1,0,26,0,1,1
7,0,85,384,384,113,235,24576,0,0,1,0,26,0,1,1
7,0,85,384,384,113,235,24576,0,0,1,0,26,0,1,1
7,0,85,384,384,113,235,24576,0,0,1,0,26,0,1,1
7,0,85,384,384,113,235,24576,0,0,1,0,26,0,1,1
7,0,85,384,384,113,235,24576,0,0,1,0,26,0,1,1
7,0,85,384,384,113,235,24576,0,0,1,0,26,0,1,1
7,0,85,384,384,113,235,24576,0,0,1,0,26,0,1,1
7,0,85,384,384,113,235,24576,0,0,1,0,26,0,1,1
7,0,85,384,384,113,235,24576,0,0,1,0,26,0,1,1
7,0,85,384,384,113,235,24576,0,0,1,0,26,0,1,1
7,0,85,384,384,113,235,24576,0,0,1,0,26,0,1,1
7,0,85,384,384,113,235,24576,0,0,1,0,26,0,1,1
7,0,85,384,384,113,235,24576,0,0,1,0,26,0,1,1
7,0,85,384,384,113,235,24576,0,0,1,0,26,0,1,1
7,0,85,384,384,113,235,24576,0,0,1,0,26,0,1,1
7,0,85,384,384,113,235,24576,0,0,1,0,26,0,1,1
7,0,85,384,384,113,235,24576,0,0,1,0,26,0,1,1
7,0,85,384,384,113,235,24576,0,0,1,0,26,0,1,1
7,0,85,384,384,113,235,24576,0,0,1,0,26,0,1,1
7,0,85,384,384,113,235,24576,0,0,1,0,26,0,1,1
7,0,85,384,384,113,235,24576,0,0,1,0,26,0,1,1
7,0,85,384,384,113,235,24576,0,0,1,0,26,0,1,1
7,0,85,384,384,113,235,24576,0,0,1,0,26,0,1,1
7,0,85,384,384,113,235,24576,0,0,1,0,26,0,1,1
7,0,85,384,384,113,235,24576,0,0,1,0,26,0,1,1
7,0,85,384,384,113,235,24576,0,0,1,0,26,0,1,1
7,0,85,384,384,113,235,24576,0,0,1,0,26,0,1,1
7,0,85,384,384,113,235,24576,0,0,1,0,26,0,1,1
7,0,85,384,384,113,235,24576,0,0,1,0,26,0,1,1
7,0,85,384,384,113,235,24576,0,0,1,0,26,0,1,1
7,0,85,384,384,113,235,24576,0,0,1,0,26,0,1,1
7,0,85,384,384,113,235,24576,0,0,1,0,26,0,1,1
7,0,85,384,384,113,235,24576,0,0,1,0,26,0,1,1
7,0,85,384,384,113,235,24576,0,0,1,0,26,0,1,1
7,0,85,384,384,113,235,24576,0,0,1,0,26,0,1,1
7,0,85,384,384,113,235,24576,0,0,1,0,26,0,1,1
7,0,85,384,384,113,235,24576,0,0,1,0,26,0,1,1
7,0,85,384,384,113,235,24576,0,0,1,0,26,0,1,1
7,0,85,384,384,113,235,24576,0,0,1,0,26,0,1,1
7,0,85,384,384,113,235,24576,0,0,1,0,26,0,1,1
7,0,85,384,384,113,235,24576,0,0,1,0,26,0,1,1
7,0,85,384,384,113,235,24576,0,0,1,0,26,0,1,1
7,0,85,384,384,113,235,24576,0,0,1,0,26,0,1,1
7,0,85,384,384,113,235,24576,0,0,1,0,26,0,1,1
7,0,85,384,384,113,235,24576,0,0,1,0,26,0,1,1
7,0,85,384,384,113,235,24576,0,0,1,0,26,0,1,1
7,0,85,384,384,113,235,24576,0,0,1,0,26,0,1,1
7,0,85,384,384,113,235,24576,0,0,1,0,26,0,1,1
7,0,85,384,384,113,235,24576,0,0,1,0,26,0,1,1
7,0,85,384,384,113,235,24576,0,0,1,0,26,0,1,1
7,0,85,384,384,113,235,24576,0,0,1,0,26,0,1,1
7,0,85,384,384,113,235,24576,0,0,1,0,26,0,1,1
7,0,85,384,384,113,235,24576,0,0,1,0,26,0,1,1
7,0,85,384,384,113,235,24576,0,0,1,0,26,0,1,1
7,0,85,384,384,113,235,24576,0,0,1,0,26,0,1,1
7,0,85,384,384,113,235,24576,0,0,1,0,26,0,1,1
7,0,85,384,384,113,235,24576,0,0,1,0,26,0,1,1
7,0,85,384,384,113,235,24576,0,0,1,0,26,0,1,1
7,0,85,384,384,113,235,24576,0,0,1,0,26,0,1,1
7,0,85,384,384,113,235,24576,0,0,1,0,26,0,1,1
7,0,85,384,384,113,235,24576,0,0,1,0,26,0,1,1
7,0,85,384,384,113,235,24576,0,0,1,0,26,0,1,1
7,0,85,384,384,113,235,24576,0,0,1,0,26,0,1,1
7,0,85,384,384,113,235,24576,0,0,1,0,26,0,1,1
7,0,85,384,384,113,235,24576,0,0,1,0,26,0,1,1
7,0,85,384,384,113,235,24576,0,0,1,0,26,0,1,1
7,0,85,384,384,113,235,24576,0,0,1,0,26,0,1,1
7,0,85,384,384,113,235,24576,0,0,1,0,26,0,1,1
7,0,85,384,384,113,235,24576,0,0,1,0,26,0,1,1
7,0,85,384,384,113,235,24576,0,0,1,0,26,0,1,1
7,0,85,384,384,113,235,24576,0,0,1,0,26,0,1,1
7,0,85,384,384,113,235,24576,0,0,1,0,26,0,1,1
7,0,85,384,384,113,235,24576,0,0,1,0,26,0,1,1
7,0,85,384,384,113,235,24576,0,0,1,0,26,0,1,1
7,0,85,384,384,113,235,24576,0,0,1,0,26,0,1,1
7,0,85,384,384,113,235,24576,0,0,1,0,26,0,1,1
7,0,85,384,384,113,235,24576,0,0,1,0,26,0,1,1
7,0,85,384,384,113,235,24576,0,0,1,0,26,0,1,1
7,0,85,384,384,113,235,24576,0,0,1,0,26,0,1,1
7,0,85,384,384,113,235,24576,0,0,1,0,26,0,1,1
7,0,85,384,384,113,235,24576,0,0,1,0,26,0,1,1
7,0,85,384,384,113,235,24576,0,0,1,0,26,0,1,1
7,0,85,384,384,113,235,24576,0,0,1,0,26,0,1,1
7,0,85,384,384,113,235,24576,0,0,1,0,26,0,1,1
7,0,85,384,384,113,235,24576,0,0,1,0,26,0,1,1
7,0,85,384,384,113,235,24576,0,0,1,0,26,0,1,1
7,0,85,384,384,113,235,24576,0,0,1,0,26,0,1,1
7,0,85,384,384,113,235,24576,0,0,1,0,26,0,1,1
7,0,85,384,384,113,235,24576,0,0,1,0,26,0,1,1
7,0,85,384,384,113,235,24576,0,0,1,0,26,0,1,1
7,0,85,384,384,113,235,24576,0,0,1,0,26,0,1,1
7,0,85,384,384,113,235,24576,0,0,1,0,26,0,1,1
7,0,85,384,384,113,235,24576,0,0,1,0,26,0,1,1
7,0,85,384,384,113,235,24576,0,0,1,0,26,0,1,1
7,0,85,384,384,113,235,24576,0,0,1,0,26,0,1,1
7,0,85,384,384,113,235,24576,0,0,1,0,26,0,1,1
7,0,85,384,384,113,235,24576,0,0,1,0,26,0,1,1
7,0,85,384,384,113,235,24576,0,0,1,0,26,0,1,1
7,0,85,384,384,113,235,24576,0,0,1,0,26,0,1,1
7,0,85,384,384,113,235,24576,0,0,1,0,26,0,1,1
7,0,85,384,384,113,235,24576,0,0,1,0,26,0,1,1
7,0,85,384,384,113,235,24576,0,0,1,0,26,0,1,1
7,0,85,384,384,113,235,24576,0,0,1,0,26,0,1,1
7,0,85,384,384,113,235,24576,0,0,1,0,26,0,1,1
7,0,85,384,384,113,235,24576,0,0,1,0,26,0,1,1
7,0,85,384,384,113,235,24576,0,0,1,0,26,0,1,1
7,0,85,384,384,113,235,24576,0,0,1,0,26,0,1,1
7,0,85,384,384,113,235,24576,0,0,1,0,26,0,1,1
7,0,85,384,384,113,235,24576,0,0,1,0,26,0,1,1
7,0,85,384,384,113,235,24576,0,0,1,0,26,0,1,1
7,0,85,384,384,113,235,24576,0,0,1,0,26,0,1,1
7,0,85,384,384,113,235,24576,0,0,1,0,26,0,1,1
7,0,85,384,384,113,235,24576,0,0,1,0,26,0,1,1
7,0,85,384,384,113,235,24576,0,0,1,0,26,0,1,1
7,0,85,384,384,113,235,24576,0,0,1,0,26,0,1,1
7,0,85,384,384,113,235,24576,0,0,1,0,26,0,1,1
7,0,85,384,384,113,235,24576,0,0,1,0,26,0,1,1
7,0,85,384,384,113,235,24576,0,0,1,0,26,0,1,1
7,0,85,384,384,113,235,24576,0,0,1,0,26,0,1,1
7,0,85,384,384,113,235,24576,0,0,1,0,26,0,1,1
7,0,85,384,384,113,235,24576,0,0,1,0,26,0,1,1
7,0,85,384,384,113,235,24576,0,0,1,0,26,0,1,1
7,0,85,384,384,113,235,24576,0,0,1,0,26,0,1,1
7,0,85,384,384,113,235,24576,0,0,1,0,26,0,1,1
7,0,85,384,384,113,235,24576,0,0,1,0,26,0,1,1
7,0,85,384,384,113,235,24576,0,0,1,0,26,0,1,1
7,0,85,384,384,113,235,24576,0,0,1,0,26,0,1,1
7,0,85,384,384,113,235,24576,0,0,1,0,26,0,1,1
7,0,85,384,384,113,235,24576,0,0,1,0,26,0,1,1
7,0,85,384,384,113,235,24576,0,0,1,0,26,0,1,1
7,0,85,384,384,113,235,24576,0,0,1,0,26,0,1,1
7,0,85,384,384,113,235,24576,0,0,1,0,26,0,1,1
7,0,85,384,384,113,235,24576,0,0,1,0,26,0,1,1
7,0,85,384,384,113,235,24576,0,0,1,0,26,0,1,1
7,0,85,384,384,113,235,24576,0,0,1,0,26,0,1,1
7,0,85,384,384,113,235,24576,0,0,1,0,26,0,1,1
7,0,85,384,384,113,235,24576,0,0,1,0,26,0,1,1
7,0,85,384,384,113,235,24576,0,0,1,0,26,0,1,1
7,0,85,384,384,113,235,24576,0,0,1,0,26,0,1,1
7,0,85,384,384,113,235,24576,0,0,1,0,26,0,1,1
7,0,85,384,384,113,235,24576,0,0,1,0,26,0,1,1
7,0,85,384,384,113,235,24576,0,0,1,0,26,0,1,1
7,0,85,384,384,113,235,24576,0,0,1,0,26,0,1,1
7,0,85,384,384,113,235,24576,0,0,1,0,26,0,1,1
7,0,85,384,384,113,235,24576,0,0,1,0,26,0,1,1
7,0,85,384,384,113,235,24576,0,0,1,0,26,0,1,1
7,0,85,384,384,113,235,24576,0,0,1,0,26,0,1,1
7,0,85,384,384,113,235,24576,0,0,1,0,26,0,1,1
7,0,85,384,384,113,235,24576,0,0,1,0,26,0,1,1
7,0,85,384,384,113,235,24576,0,0,1,0,26,0,1,1
7,0,85,384,384,113,235,24576,0,0,1,0,26,0,1,1
7,0,85,384,384,113,235,24576,0,0,1,0,26,0,1,1
7,0,85,384,384,113,235,24576,0,0,1,0,26,0,1,1
7,0,85,384,384,113,235,24576,0,0,1,0,26,0,1,1
7,0,85,384,384,113,235,24576,0,0,1,0,26,0,1,1
7,0,85,384,384,113,235,24576,0,0,1,0,26,0,1,1
7,0,85,384,384,113,235,24576,0,0,1,0,26,0,1,1
7,0,85,384,384,113,235,24576,0,0,1,0,26,0,1,1
7,0,85,384,384,113,235,24576,0,0,1,0,26,0,1,1
7,0,85,384,384,113,235,24576,0,0,1,0,26,0,1,1
7,0,85,384,384,113,235,24576,0,0,1,0,26,0,1,1
7,0,85,384,384,113,235,24576,0,0,1,0,26,0,1,1
7,0,85,384,384,113,235,24576,0,0,1,0,26,0,1,1
7,0,85,384,384,113,235,24576,0,0,1,0,26,0,1,1
7,0,85,384,384,113,235,24576,0,0,1,0,26,0,1,1
7,0,85,384,384,113,235,24576,0,0,1,0,26,0,1,1
7,0,85,384,384,113,235,24576,0,0,1,0,26,0,1,1
7,0,85,384,384,113,235,24576,0,0,1,0,26,0,1,1
7,0,85,384,384,113,235,24576,0,0,1,0,26,0,1,1
7,0,85,384,384,113,235,24576,0,0,1,0,26,0,1,1
7,0,85,384,384,113,235,24576,0,0,1,0,26,0,1,1
7,0,85,384,384,113,235,24576,0,0,1,0,26,0,1,1
7,0,85,384,384,113,235,24576,0,0,1,0,26,0,1,1
7,0,85,384,384,113,235,24576,0,0,1,0,26,0,1,1
7,0,85,384,384,113,235,24576,0,0,1,0,26,0,1,1
7,0,85,384,384,113,235,24576,0,0,1,0,26,0,1,1
7,0,85,384,384,113,235,24576,0,0,1,0,26,0,1,1
7,0,85,384,384,113,235,24576,0,0,1,0,26,0,1,1
7,0,85,384,384,113,235,24576,0,0,1,0,26,0,1,1
7,0,85,384,384,113,235,24576,0,0,1,0,26,0,1,1
7,0,85,384,384,113,235,24576,0,0,1,0,26,0,1,1
7,0,85,384,384,113,235,24576,0,0,1,0,26,0,1,1
7,0,85,384,384,113,235,24576,0,0,1,0,26,0,1,1
7,0,85,384,384,113,235,24576,0,0,1,0,26,0,1,1
7,0,85,384,384,113,235,24576,0,0,1,0,26,0,1,1
7,0,85,384,384,113,235,24576,0,0,1,0,26,0,1,1
7,0,85,384,384,113,235,24576,0,0,1,0,26,0,1,1
7,0,85,384,384,113,235,24576,0,0,1,0,26,0,1,1
7,0,85,384,384,113,235,24576,0,0,1,0,26,0,1,1
7,0,85,384,384,113,235,24576,0,0,1,0,26,0,1,1
7,0,85,384,384,113,235,24576,0,0,1,0,26,0,1,1
