9,0,1,692,185,85,64,45056,0,0,0,0,37,0,1,0
17,0,85,1215,1196,91,551,53248,0,4000000,0,0,112,0,1,0
17,0,85,1215,1196,91,551,53248,0,4000000,0,0,132,0,1,0
17,0,85,1215,1196,91,551,53248,0,4000000,0,0,138,0,1,0
17,0,85,1215,1196,91,551,53248,0,4000000,0,0,138,0,1,0
17,0,85,1215,1196,91,551,53248,0,4000000,0,0,138,0,1,0
17,0,85,1215,1196,91,551,53248,0,4000000,0,0,138,0,1,0
17,0,85,1215,1196,91,551,53248,4000000,4000000,0,0,138,0,1,0
17,0,85,1215,1196,91,551,53248,4000000,4000000,0,0,138,0,1,0
17,0,85,1215,1196,91,551,53248,4000000,4000000,0,0,138,0,1,0
17,0,85,1215,1196,91,551,53248,4000000,4000000,0,0,138,0,1,0
17,0,85,1215,1196,91,551,53248,8000000,4000000,0,0,138,0,1,0
17,0,85,1215,1196,91,551,53248,8000000,4000000,0,0,138,0,1,0
17,0,85,1215,1196,91,551,53248,8000000,4000000,0,0,138,0,1,0
17,0,85,1215,1196,91,551,53248,8000000,4000000,0,1,138,0,1,0
17,0,85,1215,1196,91,551,53248,8000000,4000000,0,2,138,0,1,0
17,0,85,1215,1196,91,551,53248,8000000,4000000,0,4,138,0,1,0
17,0,85,1215,1196,91,551,53248,8000000,8000000,0,5,138,0,1,0
17,0,85,1215,1196,91,551,53248,8000000,8000000,0,5,138,0,1,0
17,0,85,1215,1196,91,551,53248,8000000,8000000,0,5,138,0,1,0
17,0,85,1215,1196,91,551,53248,8000000,8000000,0,5,138,0,1,0
17,0,85,1215,1196,91,551,53248,8000000,8000000,0,5,138,0,1,0
17,0,85,1215,1196,91,551,53248,8000000,8000000,0,5,138,0,1,0
17,0,85,1215,1196,91,551,53248,8000000,8000000,0,5,138,0,1,0
17,0,85,1215,1196,91,551,53248,12000000,8000000,0,5,138,0,1,0
17,0,85,1215,1196,91,551,53248,12000000,8000000,0,5,138,0,1,0
17,0,85,1215,1196,91,551,53248,12000000,8000000,0,5,138,0,1,0
17,0,85,1215,1196,91,551,53248,12000000,8000000,0,5,138,0,1,0
17,0,85,1215,1196,91,551,53248,16000000,8000000,0,5,138,0,1,0
17,0,85,1215,1196,91,551,53248,16000000,8000000,0,5,138,0,1,0
17,0,85,1215,1196,91,551,53248,20000000,8000000,0,5,138,0,1,0
17,0,85,1215,1196,91,551,53248,20000000,8000000,0,6,138,0,1,0
17,0,85,1215,1196,91,551,53248,20000000,8000000,0,7,138,0,1,0
17,0,85,1215,1196,91,551,53248,20000000,8000000,0,9,138,0,1,0
17,0,85,1215,1196,91,551,53248,20000000,8000000,0,9,138,0,1,0
17,0,85,1215,1196,91,551,53248,20000000,8000000,0,9,138,0,1,0
17,0,85,1215,1196,91,551,53248,20000000,8000000,0,9,138,0,1,0
17,0,85,1215,1196,91,551,53248,20000000,8000000,0,9,138,0,1,0
17,0,85,1215,1196,91,551,53248,24000000,8000000,0,9,138,0,1,0
17,0,85,1215,1196,91,551,53248,24000000,8000000,0,9,138,0,1,0
17,0,85,1215,1196,91,551,53248,24000000,8000000,0,9,138,0,1,0
17,0,85,1215,1196,91,551,53248,24000000,8000000,0,9,138,0,1,0
17,0,85,1215,1196,91,551,53248,24000000,8000000,0,10,138,0,1,0
17,0,85,1215,1196,91,551,53248,24000000,8000000,0,10,138,0,1,0
17,0,85,1215,1196,91,551,53248,24000000,8000000,0,10,138,0,1,0
17,0,85,1215,1196,91,551,53248,28000000,8000000,0,10,138,0,1,0
17,0,85,1215,1196,91,551,53248,28000000,8000000,0,10,138,0,1,0
17,0,85,1215,1196,91,551,53248,32000000,8000000,0,10,138,0,1,0
17,0,85,1215,1196,91,551,53248,32000000,8000000,0,10,138,0,1,0
17,0,85,1215,1196,91,551,53248,32000000,8000000,0,10,138,0,1,0
17,0,85,1215,1196,91,551,53248,32000000,8000000,0,10,138,0,1,0
17,0,85,1215,1196,91,551,53248,32000000,8000000,0,10,138,0,1,0
17,0,85,1215,1196,91,551,53248,32000000,8000000,0,10,138,0,1,0
17,0,85,1215,1196,91,551,53248,32000000,8000000,0,10,138,0,1,0
17,0,85,1215,1196,91,551,53248,32000000,8000000,0,10,138,0,1,0
17,0,85,1215,1196,91,551,53248,36000000,8000000,0,10,138,0,1,0
17,0,85,1215,1196,91,551,53248,36000000,8000000,0,10,138,0,1,0
17,0,85,1215,1196,91,551,53248,36000000,8000000,0,10,138,0,1,0
17,0,85,1215,1196,91,551,53248,36000000,8000000,0,10,138,0,1,0
17,0,85,1215,1196,91,551,53248,36000000,8000000,0,10,138,0,1,0
17,0,85,1215,1196,91,551,53248,36000000,8000000,0,10,138,0,1,0
17,0,85,1215,1196,91,551,53248,40000000,8000000,0,10,138,0,1,0
17,0,85,1215,1196,91,551,53248,40000000,8000000,0,10,138,0,1,0
17,0,85,1215,1196,91,551,53248,40000000,8000000,0,10,138,0,1,0
17,0,85,1215,1196,91,551,53248,40000000,8000000,0,10,138,0,1,0
17,0,85,1215,1196,91,551,53248,44000000,8000000,0,10,138,0,1,0
17,0,85,1215,1196,91,551,53248,44000000,8000000,0,10,138,0,1,0
17,0,85,1215,1196,91,551,53248,44000000,8000000,0,10,138,0,1,0
17,0,85,1215,1196,91,551,53248,48000000,8000000,0,10,138,0,1,0
17,0,85,1215,1196,91,551,53248,48000000,8000000,0,10,138,0,1,0
17,0,85,1215,1196,91,551,53248,48000000,8000000,0,10,138,0,1,0
17,0,85,1215,1196,91,551,53248,48000000,8000000,0,10,138,0,1,0
17,0,85,1215,1196,91,551,53248,48000000,12000000,0,10,138,0,1,0
17,0,85,1215,1196,91,551,53248,52000000,12000000,0,10,138,0,1,0
17,0,85,1215,1196,91,551,53248,52000000,12000000,0,10,138,0,1,0
17,0,85,1215,1196,91,551,53248,52000000,12000000,0,10,138,0,1,0
17,0,85,1215,1196,91,551,53248,52000000,12000000,0,10,138,0,1,0
17,0,85,1215,1196,91,551,53248,52000000,12000000,0,10,138,0,1,0
17,0,85,1215,1196,91,551,53248,56000000,12000000,0,10,138,0,1,0
17,0,85,1215,1196,91,551,53248,56000000,12000000,0,10,138,0,1,0
17,0,85,1215,1196,91,551,53248,56000000,12000000,0,10,138,0,1,0
17,0,85,1215,1196,91,551,53248,56000000,12000000,0,10,138,0,1,0
17,0,85,1215,1196,91,551,53248,56000000,12000000,0,10,138,0,1,0
17,0,85,1215,1196,91,551,53248,56000000,12000000,0,10,138,0,1,0
17,0,85,1215,1196,91,551,53248,56000000,12000000,0,10,138,0,1,0
17,0,85,1215,1196,91,551,53248,56000000,12000000,0,10,138,0,1,0
17,0,85,1215,1196,91,551,53248,56000000,12000000,0,11,138,0,1,0
17,0,85,1215,1196,91,551,53248,60000000,12000000,0,11,138,0,1,0
17,0,85,1215,1196,91,551,53248,60000000,12000000,0,11,138,0,1,0
17,0,85,1215,1196,91,551,53248,60000000,12000000,0,12,138,0,1,0
17,0,85,1215,1196,91,551,53248,60000000,12000000,0,13,138,0,1,0
17,0,85,1215,1196,91,551,53248,60000000,12000000,0,14,138,0,1,0
17,0,85,1215,1196,91,551,53248,60000000,12000000,0,15,138,0,1,0
17,0,85,1215,1196,91,551,53248,60000000,12000000,0,16,138,0,1,0
17,0,85,1215,1196,91,551,53248,60000000,12000000,0,16,138,0,1,0
17,0,85,1215,1196,91,551,53248,60000000,12000000,0,17,138,0,1,0
17,0,85,1215,1196,91,551,53248,60000000,12000000,0,17,138,0,1,0
17,0,85,1215,1196,91,551,53248,60000000,12000000,0,17,138,0,1,0
17,0,85,1215,1196,91,551,53248,60000000,12000000,0,17,138,0,1,0
17,0,85,1215,1196,91,551,53248,64000000,12000000,0,17,138,0,1,0
17,0,85,1215,1196,91,551,53248,64000000,12000000,0,17,138,0,1,0
17,0,85,1215,1196,91,551,53248,64000000,12000000,0,17,138,0,1,0
17,0,85,1215,1196,91,551,53248,64000000,12000000,0,17,138,0,1,0
17,0,85,1215,1196,91,551,53248,68000000,12000000,0,17,138,0,1,0
17,0,85,1215,1196,91,551,53248,68000000,12000000,0,17,138,0,1,0
17,0,85,1215,1196,91,551,53248,68000000,12000000,0,17,138,0,1,0
17,0,85,1215,1196,91,551,53248,68000000,12000000,0,17,138,0,1,0
17,0,85,1215,1196,91,551,53248,68000000,12000000,0,17,138,0,1,0
17,0,85,1215,1196,91,551,53248,72000000,12000000,0,17,138,0,1,0
17,0,85,1215,1196,91,551,53248,72000000,12000000,0,17,138,0,1,0
17,0,85,1215,1196,91,551,53248,72000000,12000000,0,17,138,0,1,0
17,0,85,1215,1196,91,551,53248,72000000,12000000,0,17,138,0,1,0
17,0,85,1215,1196,91,551,53248,72000000,12000000,0,17,138,0,1,0
17,0,85,1215,1196,91,551,53248,76000000,12000000,0,17,138,0,1,0
17,0,85,1215,1196,91,551,53248,76000000,12000000,0,17,138,0,1,0
17,0,85,1215,1196,91,551,53248,76000000,12000000,0,17,138,0,1,0
17,0,85,1215,1196,91,551,53248,76000000,12000000,0,17,138,0,1,0
17,0,85,1215,1196,91,551,53248,80000000,12000000,0,17,138,0,1,0
17,0,85,1215,1196,91,551,53248,80000000,12000000,0,17,138,0,1,0
17,0,85,1215,1196,91,551,53248,80000000,12000000,0,17,138,0,1,0
17,0,85,1215,1196,91,551,53248,84000000,12000000,0,17,138,0,1,0
17,0,85,1215,1196,91,551,53248,84000000,12000000,0,17,138,0,1,0
17,0,85,1215,1196,91,551,53248,84000000,12000000,0,17,138,0,1,0
17,0,85,1215,1196,91,551,53248,84000000,12000000,0,17,138,0,1,0
17,0,85,1215,1196,91,551,53248,84000000,12000000,0,17,138,0,1,0
17,0,85,1215,1196,91,551,53248,88000000,12000000,0,17,138,0,1,0
17,0,85,1215,1196,91,551,53248,88000000,12000000,0,17,138,0,1,0
17,0,85,1215,1196,91,551,53248,88000000,12000000,0,17,138,0,1,0
17,0,85,1215,1196,91,551,53248,88000000,12000000,0,17,138,0,1,0
17,0,85,1215,1196,91,551,53248,88000000,12000000,0,17,138,0,1,0
17,0,85,1215,1196,91,551,53248,88000000,12000000,0,17,138,0,1,0
17,0,85,1215,1196,91,551,53248,92000000,12000000,0,17,138,0,1,0
17,0,85,1215,1196,91,551,53248,92000000,12000000,0,17,138,0,1,0
17,0,85,1215,1196,91,551,53248,92000000,12000000,0,17,138,0,1,0
17,0,85,1215,1196,91,551,53248,92000000,12000000,0,17,138,0,1,0
17,0,85,1215,1196,91,551,53248,92000000,12000000,0,17,138,0,1,0
17,0,85,1215,1196,91,551,53248,92000000,12000000,0,17,138,0,1,0
17,0,85,1215,1196,91,551,53248,92000000,12000000,0,17,138,0,1,0
17,0,85,1215,1196,91,551,53248,92000000,12000000,0,17,138,0,1,0
17,0,85,1215,1196,91,551,53248,96000000,12000000,0,17,138,0,1,0
17,0,85,1215,1196,91,551,53248,96000000,12000000,0,17,138,0,1,0
17,0,85,1215,1196,91,551,53248,96000000,12000000,0,17,138,0,1,0
17,0,85,1215,1196,91,551,53248,96000000,12000000,0,17,138,0,1,0
17,0,85,1215,1196,91,551,53248,100000000,12000000,0,17,138,0,1,0
17,0,85,1215,1196,91,551,53248,100000000,12000000,0,17,138,0,1,0
17,0,85,1215,1196,91,551,53248,100000000,12000000,0,17,138,0,1,0
17,0,85,1215,1196,91,551,53248,100000000,12000000,0,17,138,0,1,0
17,0,85,1215,1196,91,551,53248,100000000,12000000,0,17,138,0,1,0
17,0,85,1215,1196,91,551,53248,100000000,12000000,0,17,138,0,1,0
17,0,85,1215,1196,91,551,53248,100000000,12000000,0,17,138,0,1,0
17,0,85,1215,1196,91,551,53248,100000000,12000000,0,17,138,0,1,0
17,0,85,1215,1196,91,551,53248,100000000,12000000,0,17,138,0,1,0
17,0,85,1215,1196,91,551,53248,100000000,12000000,0,17,138,0,1,0
17,0,85,1215,1196,91,551,53248,100000000,12000000,0,17,138,0,1,0
17,0,85,1215,1196,91,551,53248,104000000,12000000,0,17,138,0,1,0
17,0,85,1215,1196,91,551,53248,104000000,12000000,0,17,138,0,1,0
17,0,85,1215,1196,91,551,53248,104000000,12000000,0,17,138,0,1,0
17,0,85,1215,1196,91,551,53248,104000000,12000000,0,17,138,0,1,0
17,0,85,1215,1196,91,551,53248,104000000,12000000,0,17,138,0,1,0
17,0,85,1215,1196,91,551,53248,104000000,12000000,0,17,138,0,1,0
17,0,85,1215,1196,91,551,53248,104000000,12000000,0,17,138,0,1,0
17,0,85,1215,1196,91,551,53248,104000000,12000000,0,17,138,0,1,0
17,0,85,1215,1196,91,551,53248,108000000,12000000,0,17,138,0,1,0
17,0,85,1215,1196,91,551,53248,108000000,12000000,0,17,138,0,1,0
17,0,85,1215,1196,91,551,53248,108000000,12000000,0,17,138,0,1,0
17,0,85,1215,1196,91,551,53248,108000000,16000000,0,17,138,0,1,0
17,0,85,1215,1196,91,551,53248,108000000,16000000,0,17,138,0,1,0
17,0,85,1215,1196,91,551,53248,108000000,16000000,0,17,138,0,1,0
17,0,85,1215,1196,91,551,53248,108000000,16000000,0,17,138,0,1,0
17,0,85,1215,1196,91,551,53248,108000000,16000000,0,17,138,0,1,0
17,0,85,1215,1196,91,551,53248,108000000,16000000,0,17,138,0,1,0
17,0,85,1215,1196,91,551,53248,112000000,16000000,0,17,138,0,1,0
17,0,85,1215,1196,91,551,53248,112000000,16000000,0,17,138,0,1,0
17,0,85,1215,1196,91,551,53248,112000000,16000000,0,17,138,0,1,0
17,0,85,1215,1196,91,551,53248,112000000,16000000,0,17,138,0,1,0
17,0,85,1215,1196,91,551,53248,112000000,16000000,0,17,138,0,1,0
17,0,85,1215,1196,91,551,53248,116000000,16000000,0,17,138,0,1,0
17,0,85,1215,1196,91,551,53248,116000000,16000000,0,17,138,0,1,0
17,0,85,1215,1196,91,551,53248,116000000,16000000,0,17,138,0,1,0
17,0,85,1215,1196,91,551,53248,124000000,16000000,0,17,138,0,1,0
17,0,85,1215,1196,91,551,53248,124000000,16000000,0,17,138,0,1,0
17,0,85,1215,1196,91,551,53248,124000000,16000000,0,17,138,0,1,0
17,0,85,1215,1196,91,551,53248,124000000,16000000,0,17,138,0,1,0
17,0,85,1215,1196,91,551,53248,124000000,16000000,0,17,138,0,1,0
17,0,85,1215,1196,91,551,53248,124000000,16000000,0,17,138,0,1,0
17,0,85,1215,1196,91,551,53248,128000000,16000000,0,17,138,0,1,0
17,0,85,1215,1196,91,551,53248,128000000,16000000,0,17,138,0,1,0
17,0,85,1215,1196,91,551,53248,128000000,16000000,0,17,138,0,1,0
17,0,85,1215,1196,91,551,53248,128000000,16000000,0,17,138,0,1,0
17,0,85,1215,1196,91,551,53248,132000000,16000000,0,17,138,0,1,0
17,0,85,1215,1196,91,551,53248,132000000,16000000,0,17,138,0,1,0
17,0,85,1215,1196,91,551,53248,132000000,16000000,0,17,138,0,1,0
17,0,85,1215,1196,91,551,53248,132000000,16000000,0,17,138,0,1,0
17,0,85,1215,1196,91,551,53248,132000000,16000000,0,17,138,0,1,0
17,0,85,1215,1196,91,551,53248,136000000,16000000,0,17,138,0,1,0
17,0,85,1215,1196,91,551,53248,136000000,16000000,0,17,138,0,1,0
17,0,85,1215,1196,91,551,53248,136000000,16000000,0,17,138,0,1,0
17,0,85,1215,1196,91,551,53248,136000000,16000000,0,17,138,0,1,0
17,0,85,1215,1196,91,551,53248,136000000,16000000,0,17,138,0,1,0
17,0,85,1215,1196,91,551,53248,140000000,16000000,0,17,138,0,1,0
17,0,85,1215,1196,91,551,53248,140000000,16000000,0,17,138,0,1,0
17,0,85,1215,1196,91,551,53248,140000000,16000000,0,17,138,0,1,0
17,0,85,1215,1196,91,551,53248,140000000,16000000,0,17,138,0,1,0
17,0,85,1215,1196,91,551,53248,140000000,16000000,0,17,138,0,1,0
17,0,85,1215,1196,91,551,53248,144000000,16000000,0,17,138,0,1,0
17,0,85,1215,1196,91,551,53248,144000000,16000000,0,17,138,0,1,0
17,0,85,1215,1196,91,551,53248,144000000,16000000,0,17,138,0,1,0
17,0,85,1215,1196,91,551,53248,148000000,16000000,0,17,138,0,1,0
17,0,85,1215,1196,91,551,53248,148000000,16000000,0,17,138,0,1,0
17,0,85,1215,1196,91,551,53248,148000000,16000000,0,17,138,0,1,0
17,0,85,1215,1196,91,551,53248,148000000,16000000,0,17,138,0,1,0
17,0,85,1215,1196,91,551,53248,148000000,16000000,0,17,138,0,1,0
17,0,85,1215,1196,91,551,53248,156000000,16000000,0,17,138,0,1,0
17,0,85,1215,1196,91,551,53248,156000000,16000000,0,17,138,0,1,0
17,0,85,1215,1196,91,551,53248,156000000,16000000,0,17,138,0,1,0
17,0,85,1215,1196,91,551,53248,156000000,16000000,0,17,138,0,1,0
17,0,85,1215,1196,91,551,53248,160000000,16000000,0,17,138,0,1,0
17,0,85,1215,1196,91,551,53248,160000000,16000000,0,17,138,0,1,0
17,0,85,1215,1196,91,551,53248,160000000,16000000,0,17,138,0,1,0
17,0,85,1215,1196,91,551,53248,160000000,16000000,0,17,138,0,1,0
17,0,85,1215,1196,91,551,53248,160000000,16000000,0,19,138,0,1,0
17,0,85,1215,1196,91,551,53248,160000000,16000000,0,20,138,0,1,0
17,0,85,1215,1196,91,551,53248,160000000,16000000,0,20,138,0,1,0
17,0,85,1215,1196,91,551,53248,160000000,16000000,0,20,138,0,1,0
17,0,85,1215,1196,91,551,53248,160000000,16000000,0,21,138,0,1,0
17,0,85,1215,1196,91,551,53248,160000000,16000000,0,21,138,0,1,0
17,0,85,1215,1196,91,551,53248,160000000,16000000,0,22,138,0,1,0
17,0,85,1215,1196,91,551,53248,160000000,16000000,0,23,138,0,1,0
17,0,85,1215,1196,91,551,53248,160000000,16000000,0,23,138,0,1,0
17,0,85,1215,1196,91,551,53248,160000000,16000000,0,23,138,0,1,0
17,0,85,1215,1196,91,551,53248,160000000,16000000,0,23,138,0,1,0
17,0,85,1215,1196,91,551,53248,160000000,16000000,0,23,138,0,1,0
17,0,85,1215,1196,91,551,53248,160000000,16000000,0,23,138,0,1,0
17,0,85,1215,1196,91,551,53248,160000000,16000000,0,23,138,0,1,0
17,0,85,1215,1196,91,551,53248,160000000,16000000,0,23,138,0,1,0
17,0,85,1215,1196,91,551,53248,164000000,16000000,0,23,138,0,1,0
17,0,85,1215,1196,91,551,53248,164000000,16000000,0,23,138,0,1,0
17,0,85,1215,1196,91,551,53248,164000000,16000000,0,23,138,0,1,0
17,0,85,1215,1196,91,551,53248,168000000,16000000,0,23,138,0,1,0
17,0,85,1215,1196,91,551,53248,168000000,16000000,0,23,138,0,1,0
17,0,85,1215,1196,91,551,53248,168000000,16000000,0,23,138,0,1,0
17,0,85,1215,1196,91,551,53248,168000000,16000000,0,23,138,0,1,0
17,0,85,1215,1196,91,551,53248,172000000,16000000,0,23,138,0,1,0
17,0,85,1215,1196,91,551,53248,176000000,16000000,0,24,138,0,1,0
17,0,85,1215,1196,91,551,53248,176000000,16000000,0,24,138,0,1,0
17,0,85,1215,1196,91,551,53248,180000000,16000000,0,24,138,0,1,0
17,0,85,1215,1196,91,551,53248,180000000,16000000,0,24,138,0,1,0
17,0,85,1215,1196,91,551,53248,180000000,16000000,0,24,138,0,1,0
17,0,85,1215,1196,91,551,53248,180000000,16000000,0,25,138,0,1,0
17,0,85,1215,1196,91,551,53248,180000000,16000000,0,25,138,0,1,0
17,0,85,1215,1196,91,551,53248,180000000,16000000,0,25,138,0,1,0
17,0,85,1215,1196,91,551,53248,180000000,16000000,0,25,138,0,1,0
17,0,85,1215,1196,91,551,53248,184000000,16000000,0,25,138,0,1,0
17,0,85,1215,1196,91,551,53248,184000000,16000000,0,25,138,0,1,0
17,0,85,1215,1196,91,551,53248,184000000,16000000,0,26,138,0,1,0
17,0,85,1215,1196,91,551,53248,184000000,16000000,0,26,138,0,1,0
17,0,85,1215,1196,91,551,53248,188000000,16000000,0,27,138,0,1,0
17,0,85,1215,1196,91,551,53248,188000000,16000000,0,27,138,0,1,0
17,0,85,1215,1196,91,551,53248,188000000,16000000,0,27,138,0,1,0
17,0,85,1215,1196,91,551,53248,188000000,16000000,0,28,138,0,1,0
17,0,85,1215,1196,91,551,53248,188000000,16000000,0,28,138,0,1,0
17,0,85,1215,1196,91,551,53248,188000000,16000000,0,28,138,0,1,0
17,0,85,1215,1196,91,551,53248,192000000,16000000,0,28,138,0,1,0
17,0,85,1215,1196,91,551,53248,196000000,16000000,0,29,138,0,1,0
17,0,85,1215,1196,91,551,53248,196000000,16000000,0,29,138,0,1,0
17,0,85,1215,1196,91,551,53248,200000000,16000000,0,30,138,0,1,0
17,0,85,1215,1196,91,551,53248,200000000,16000000,0,31,138,0,1,0
17,0,85,1215,1196,91,551,53248,200000000,16000000,0,31,138,0,1,0
17,0,85,1215,1196,91,551,53248,200000000,16000000,0,31,138,0,1,0
17,0,85,1215,1196,91,551,53248,200000000,16000000,0,32,138,0,1,0
17,0,85,1215,1196,91,551,53248,200000000,16000000,0,32,138,0,1,0
17,0,85,1215,1196,91,551,53248,200000000,16000000,0,32,138,0,1,0
17,0,85,1215,1196,91,551,53248,204000000,16000000,0,32,138,0,1,0
17,0,85,1215,1196,91,551,53248,204000000,16000000,0,32,138,0,1,0
17,0,85,1215,1196,91,551,53248,204000000,16000000,0,32,138,0,1,0
17,0,85,1215,1196,91,551,53248,204000000,16000000,0,32,138,0,1,0
17,0,85,1215,1196,91,551,53248,208000000,16000000,0,32,138,0,1,0
17,0,85,1215,1196,91,551,53248,212000000,16000000,0,33,138,0,1,0
17,0,85,1215,1196,91,551,53248,212000000,16000000,0,33,138,0,1,0
17,0,85,1215,1196,91,551,53248,212000000,16000000,0,34,138,0,1,0
17,0,85,1215,1196,91,551,53248,212000000,16000000,0,34,138,0,1,0
17,0,85,1215,1196,91,551,53248,212000000,16000000,0,34,138,0,1,0
17,0,85,1215,1196,91,551,53248,212000000,16000000,0,35,138,0,1,0
17,0,85,1215,1196,91,551,53248,212000000,16000000,0,35,138,0,1,0
17,0,85,1215,1196,91,551,53248,216000000,16000000,0,35,138,0,1,0
17,0,85,1215,1196,91,551,53248,216000000,16000000,0,35,138,0,1,0
17,0,85,1215,1196,91,551,53248,216000000,16000000,0,35,138,0,1,0
17,0,85,1215,1196,91,551,53248,220000000,16000000,0,36,138,0,1,0
17,0,85,1215,1196,91,551,53248,220000000,16000000,0,36,138,0,1,0
17,0,85,1215,1196,91,551,53248,220000000,16000000,0,37,138,0,1,0
17,0,85,1215,1196,91,551,53248,220000000,16000000,0,37,138,0,1,0
17,0,85,1215,1196,91,551,53248,220000000,16000000,0,37,138,0,1,0
17,0,85,1215,1196,91,551,53248,224000000,16000000,0,37,138,0,1,0
17,0,85,1215,1196,91,551,53248,224000000,16000000,0,38,138,0,1,0
17,0,85,1215,1196,91,551,53248,224000000,16000000,0,38,138,0,1,0
17,0,85,1215,1196,91,551,53248,228000000,16000000,0,38,138,0,1,0
17,0,85,1215,1196,91,551,53248,232000000,16000000,0,38,138,0,1,0
17,0,85,1215,1196,91,551,53248,232000000,16000000,0,38,138,0,1,0
17,0,85,1215,1196,91,551,53248,236000000,16000000,0,39,138,0,1,0
17,0,85,1215,1196,91,551,53248,236000000,16000000,0,39,138,0,1,0
17,0,85,1215,1196,91,551,53248,236000000,16000000,0,40,138,0,1,0
17,0,85,1215,1196,91,551,53248,236000000,16000000,0,40,138,0,1,0
17,0,85,1215,1196,91,551,53248,236000000,16000000,0,41,138,0,1,0
17,0,85,1215,1196,91,551,53248,236000000,16000000,0,41,138,0,1,0
17,0,85,1215,1196,91,551,53248,236000000,16000000,0,42,138,0,1,0
17,0,85,1215,1196,91,551,53248,236000000,16000000,0,42,138,0,1,0
17,0,85,1215,1196,91,551,53248,236000000,16000000,0,42,138,0,1,0
17,0,85,1215,1196,91,551,53248,240000000,16000000,0,42,138,0,1,0
17,0,85,1215,1196,91,551,53248,240000000,16000000,0,42,138,0,1,0
17,0,85,1215,1196,91,551,53248,244000000,16000000,0,42,138,0,1,0
17,0,85,1215,1196,91,551,53248,244000000,16000000,0,42,138,0,1,0
17,0,85,1215,1196,91,551,53248,244000000,16000000,0,42,138,0,1,0
17,0,85,1215,1196,91,551,53248,248000000,16000000,0,43,138,0,1,0
17,0,85,1215,1196,91,551,53248,248000000,16000000,0,43,138,0,1,0
17,0,85,1215,1196,91,551,53248,248000000,16000000,0,43,138,0,1,0
17,0,85,1215,1196,91,551,53248,252000000,16000000,0,44,138,0,1,0
17,0,85,1215,1196,91,551,53248,252000000,16000000,0,44,138,0,1,0
17,0,85,1215,1196,91,551,53248,252000000,16000000,0,44,138,0,1,0
17,0,85,1215,1196,91,551,53248,252000000,16000000,0,45,138,0,1,0
17,0,85,1215,1196,91,551,53248,252000000,16000000,0,45,138,0,1,0
17,0,85,1215,1196,91,551,53248,252000000,16000000,0,45,138,0,1,0
17,0,85,1215,1196,91,551,53248,256000000,16000000,0,45,138,0,1,0
17,0,85,1215,1196,91,551,53248,260000000,16000000,0,46,138,0,1,0
17,0,85,1215,1196,91,551,53248,260000000,16000000,0,46,138,0,1,0
17,0,85,1215,1196,91,551,53248,260000000,16000000,0,47,138,0,1,0
17,0,85,1215,1196,91,551,53248,260000000,16000000,0,47,138,0,1,0
17,0,85,1215,1196,91,551,53248,260000000,16000000,0,47,138,0,1,0
17,0,85,1215,1196,91,551,53248,260000000,16000000,0,48,138,0,1,0
17,0,85,1215,1196,91,551,53248,260000000,16000000,0,48,138,0,1,0
17,0,85,1215,1196,91,551,53248,260000000,16000000,0,48,138,0,1,0
17,0,85,1215,1196,91,551,53248,264000000,16000000,0,48,138,0,1,0
17,0,85,1215,1196,91,551,53248,268000000,16000000,0,48,138,0,1,0
17,0,85,1215,1196,91,551,53248,268000000,16000000,0,48,138,0,1,0
17,0,85,1215,1196,91,551,53248,268000000,16000000,0,48,138,0,1,0
17,0,85,1215,1196,91,551,53248,268000000,16000000,0,48,138,0,1,0
17,0,85,1215,1196,91,551,53248,268000000,16000000,0,48,138,0,1,0
17,0,85,1215,1196,91,551,53248,268000000,16000000,0,48,138,0,1,0
17,0,85,1215,1196,91,551,53248,268000000,20000000,0,49,138,0,1,0
17,0,85,1215,1196,91,551,53248,268000000,20000000,0,49,138,0,1,0
17,0,85,1215,1196,91,551,53248,268000000,20000000,0,50,138,0,1,0
17,0,85,1215,1196,91,551,53248,268000000,20000000,0,50,138,0,1,0
17,0,85,1215,1196,91,551,53248,268000000,20000000,0,50,138,0,1,0
17,0,85,1215,1196,91,551,53248,268000000,20000000,0,51,138,0,1,0
17,0,85,1215,1196,91,551,53248,272000000,20000000,0,51,138,0,1,0
17,0,85,1215,1196,91,551,53248,272000000,20000000,0,51,138,0,1,0
17,0,85,1215,1196,91,551,53248,272000000,20000000,0,51,138,0,1,0
17,0,85,1215,1196,91,551,53248,276000000,20000000,0,52,138,0,1,0
17,0,85,1215,1196,91,551,53248,276000000,20000000,0,53,138,0,1,0
17,0,85,1215,1196,91,551,53248,276000000,20000000,0,54,138,0,1,0
17,0,85,1215,1196,91,551,53248,276000000,20000000,0,54,138,0,1,0
17,0,85,1215,1196,91,551,53248,276000000,20000000,0,55,138,0,1,0
17,0,85,1215,1196,91,551,53248,276000000,20000000,0,55,138,0,1,0
17,0,85,1215,1196,91,551,53248,276000000,20000000,0,55,138,0,1,0
17,0,85,1215,1196,91,551,53248,280000000,20000000,0,55,138,0,1,0
17,0,85,1215,1196,91,551,53248,280000000,20000000,0,55,138,0,1,0
17,0,85,1215,1196,91,551,53248,280000000,20000000,0,55,138,0,1,0
17,0,85,1215,1196,91,551,53248,284000000,20000000,0,55,138,0,1,0
17,0,85,1215,1196,91,551,53248,288000000,24000000,0,56,138,0,1,0
17,0,85,1215,1196,91,551,53248,288000000,24000000,0,57,138,0,1,0
17,0,85,1215,1196,91,551,53248,288000000,24000000,0,57,138,0,1,0
17,0,85,1215,1196,91,551,53248,288000000,24000000,0,57,138,0,1,0
17,0,85,1215,1196,91,551,53248,288000000,24000000,0,57,138,0,1,0
17,0,85,1215,1196,91,551,53248,288000000,24000000,0,58,138,0,1,0
17,0,85,1215,1196,91,551,53248,288000000,24000000,0,58,138,0,1,0
17,0,85,1215,1196,91,551,53248,288000000,24000000,0,58,138,0,1,0
17,0,85,1215,1196,91,551,53248,288000000,24000000,0,58,138,0,1,0
17,0,85,1215,1196,91,551,53248,292000000,24000000,0,58,138,0,1,0
17,0,85,1215,1196,91,551,53248,296000000,24000000,0,59,138,0,1,0
17,0,85,1215,1196,91,551,53248,296000000,24000000,0,59,138,0,1,0
17,0,85,1215,1196,91,551,53248,296000000,24000000,0,60,138,0,1,0
17,0,85,1215,1196,91,551,53248,296000000,24000000,0,60,138,0,1,0
17,0,85,1215,1196,91,551,53248,296000000,24000000,0,60,138,0,1,0
17,0,85,1215,1196,91,551,53248,296000000,24000000,0,61,138,0,1,0
17,0,85,1215,1196,91,551,53248,296000000,24000000,0,61,138,0,1,0
17,0,85,1215,1196,91,551,53248,300000000,24000000,0,61,138,0,1,0
17,0,85,1215,1196,91,551,53248,300000000,24000000,0,61,138,0,1,0
17,0,85,1215,1196,91,551,53248,300000000,24000000,0,61,138,0,1,0
17,0,85,1215,1196,91,551,53248,304000000,24000000,0,61,138,0,1,0
17,0,85,1215,1196,91,551,53248,304000000,24000000,0,61,138,0,1,0
17,0,85,1215,1196,91,551,53248,308000000,24000000,0,61,138,0,1,0
17,0,85,1215,1196,91,551,53248,308000000,24000000,0,61,138,0,1,0
17,0,85,1215,1196,91,551,53248,308000000,24000000,0,61,138,0,1,0
17,0,85,1215,1196,91,551,53248,308000000,24000000,0,61,138,0,1,0
17,0,85,1215,1196,91,551,53248,308000000,24000000,0,62,138,0,1,0
17,0,85,1215,1196,91,551,53248,308000000,24000000,0,63,138,0,1,0
17,0,85,1215,1196,91,551,53248,308000000,24000000,0,64,138,0,1,0
17,0,85,1215,1196,91,551,53248,308000000,24000000,0,64,138,0,1,0
17,0,85,1215,1196,91,551,53248,312000000,24000000,0,64,138,0,1,0
17,0,85,1215,1196,91,551,53248,312000000,24000000,0,64,138,0,1,0
17,0,85,1215,1196,91,551,53248,312000000,24000000,0,64,138,0,1,0
17,0,85,1215,1196,91,551,53248,312000000,24000000,0,64,138,0,1,0
17,0,85,1215,1196,91,551,53248,312000000,24000000,0,64,138,0,1,0
17,0,85,1215,1196,91,551,53248,312000000,24000000,0,64,138,0,1,0
17,0,85,1215,1196,91,551,53248,316000000,24000000,0,64,138,0,1,0
17,0,85,1215,1196,91,551,53248,316000000,24000000,0,64,138,0,1,0
17,0,85,1215,1196,91,551,53248,316000000,24000000,0,64,138,0,1,0
17,0,85,1215,1196,91,551,53248,316000000,24000000,0,64,138,0,1,0
17,0,85,1215,1196,91,551,53248,316000000,24000000,0,64,138,0,1,0
17,0,85,1215,1196,91,551,53248,320000000,24000000,0,64,138,0,1,0
17,0,85,1215,1196,91,551,53248,320000000,24000000,0,64,138,0,1,0
17,0,85,1215,1196,91,551,53248,320000000,24000000,0,64,138,0,1,0
17,0,85,1215,1196,91,551,53248,324000000,24000000,0,64,138,0,1,0
17,0,85,1215,1196,91,551,53248,324000000,24000000,0,64,138,0,1,0
17,0,85,1215,1196,91,551,53248,324000000,24000000,0,64,138,0,1,0
17,0,85,1215,1196,91,551,53248,324000000,24000000,0,64,138,0,1,0
17,0,85,1215,1196,91,551,53248,324000000,24000000,0,64,138,0,1,0
17,0,85,1215,1196,91,551,53248,324000000,24000000,0,65,138,0,1,0
17,0,85,1215,1196,91,551,53248,324000000,24000000,0,65,138,0,1,0
17,0,85,1215,1196,91,551,53248,328000000,24000000,0,66,138,0,1,0
17,0,85,1215,1196,91,551,53248,328000000,24000000,0,66,138,0,1,0
17,0,85,1215,1196,91,551,53248,328000000,24000000,0,66,138,0,1,0
17,0,85,1215,1196,91,551,53248,328000000,24000000,0,66,138,0,1,0
17,0,85,1215,1196,91,551,53248,332000000,24000000,0,66,138,0,1,0
17,0,85,1215,1196,91,551,53248,332000000,24000000,0,66,138,0,1,0
17,0,85,1215,1196,91,551,53248,332000000,24000000,0,66,138,0,1,0
17,0,85,1215,1196,91,551,53248,336000000,24000000,0,66,138,0,1,0
17,0,85,1215,1196,91,551,53248,336000000,24000000,0,66,138,0,1,0
17,0,85,1215,1196,91,551,53248,336000000,24000000,0,66,138,0,1,0
17,0,85,1215,1196,91,551,53248,336000000,24000000,0,66,138,0,1,0
17,0,85,1215,1196,91,551,53248,340000000,24000000,0,66,138,0,1,0
17,0,85,1215,1196,91,551,53248,340000000,24000000,0,66,138,0,1,0
17,0,85,1215,1196,91,551,53248,340000000,24000000,0,66,138,0,1,0
17,0,85,1215,1196,91,551,53248,340000000,24000000,0,66,138,0,1,0
17,0,85,1215,1196,91,551,53248,340000000,24000000,0,67,138,0,1,0
17,0,85,1215,1196,91,551,53248,340000000,24000000,0,67,138,0,1,0
17,0,85,1215,1196,91,551,53248,340000000,24000000,0,67,138,0,1,0
17,0,85,1215,1196,91,551,53248,340000000,24000000,0,67,138,0,1,0
17,0,85,1215,1196,91,551,53248,340000000,24000000,0,67,138,0,1,0
17,0,85,1215,1196,91,551,53248,340000000,28000000,0,68,138,0,1,0
17,0,85,1215,1196,91,551,53248,340000000,28000000,0,68,138,0,1,0
17,0,85,1215,1196,91,551,53248,340000000,28000000,0,68,138,0,1,0
17,0,85,1215,1196,91,551,53248,340000000,28000000,0,69,138,0,1,0
17,0,85,1215,1196,91,551,53248,340000000,28000000,0,69,138,0,1,0
17,0,85,1215,1196,91,551,53248,340000000,28000000,0,69,138,0,1,0
17,0,85,1215,1196,91,551,53248,340000000,28000000,0,69,138,0,1,0
17,0,85,1215,1196,91,551,53248,344000000,28000000,0,69,138,0,1,0
17,0,85,1215,1196,91,551,53248,344000000,28000000,0,69,138,0,1,0
17,0,85,1215,1196,91,551,53248,348000000,28000000,0,69,138,0,1,0
17,0,85,1215,1196,91,551,53248,348000000,28000000,0,69,138,0,1,0
17,0,85,1215,1196,91,551,53248,348000000,28000000,0,69,138,0,1,0
17,0,85,1215,1196,91,551,53248,352000000,28000000,0,69,138,0,1,0
17,0,85,1215,1196,91,551,53248,352000000,28000000,0,69,138,0,1,0
17,0,85,1215,1196,91,551,53248,352000000,28000000,0,69,138,0,1,0
17,0,85,1215,1196,91,551,53248,352000000,28000000,0,69,138,0,1,0
17,0,85,1215,1196,91,551,53248,352000000,28000000,0,69,138,0,1,0
17,0,85,1215,1196,91,551,53248,356000000,28000000,0,69,138,0,1,0
17,0,85,1215,1196,91,551,53248,356000000,28000000,0,69,138,0,1,0
17,0,85,1215,1196,91,551,53248,356000000,28000000,0,70,138,0,1,0
17,0,85,1215,1196,91,551,53248,356000000,28000000,0,71,138,0,1,0
17,0,85,1215,1196,91,551,53248,356000000,28000000,0,72,138,0,1,0
17,0,85,1215,1196,91,551,53248,356000000,28000000,0,72,138,0,1,0
17,0,85,1215,1196,91,551,53248,356000000,28000000,0,72,138,0,1,0
17,0,85,1215,1196,91,551,53248,356000000,28000000,0,73,138,0,1,0
17,0,85,1215,1196,91,551,53248,356000000,28000000,0,73,138,0,1,0
17,0,85,1215,1196,91,551,53248,360000000,28000000,0,73,138,0,1,0
17,0,85,1215,1196,91,551,53248,360000000,28000000,0,73,138,0,1,0
17,0,85,1215,1196,91,551,53248,360000000,28000000,0,73,138,0,1,0
17,0,85,1215,1196,91,551,53248,360000000,28000000,0,73,138,0,1,0
17,0,85,1215,1196,91,551,53248,364000000,28000000,0,73,138,0,1,0
17,0,85,1215,1196,91,551,53248,364000000,28000000,0,73,138,0,1,0
17,0,85,1215,1196,91,551,53248,364000000,28000000,0,73,138,0,1,0
17,0,85,1215,1196,91,551,53248,364000000,28000000,0,73,138,0,1,0
17,0,85,1215,1196,91,551,53248,368000000,28000000,0,73,138,0,1,0
17,0,85,1215,1196,91,551,53248,368000000,28000000,0,73,138,0,1,0
17,0,85,1215,1196,91,551,53248,368000000,28000000,0,73,138,0,1,0
17,0,85,1215,1196,91,551,53248,372000000,28000000,0,73,138,0,1,0
17,0,85,1215,1196,91,551,53248,372000000,28000000,0,74,138,0,1,0
17,0,85,1215,1196,91,551,53248,372000000,28000000,0,74,138,0,1,0
17,0,85,1215,1196,91,551,53248,372000000,28000000,0,75,138,0,1,0
17,0,85,1215,1196,91,551,53248,372000000,28000000,0,75,138,0,1,0
17,0,85,1215,1196,91,551,53248,372000000,28000000,0,75,138,0,1,0
17,0,85,1215,1196,91,551,53248,372000000,28000000,0,76,138,0,1,0
17,0,85,1215,1196,91,551,53248,372000000,28000000,0,76,138,0,1,0
17,0,85,1215,1196,91,551,53248,376000000,28000000,0,76,138,0,1,0
17,0,85,1215,1196,91,551,53248,376000000,28000000,0,76,138,0,1,0
17,0,85,1215,1196,91,551,53248,376000000,28000000,0,76,138,0,1,0
17,0,85,1215,1196,91,551,53248,380000000,28000000,0,76,138,0,1,0
17,0,85,1215,1196,91,551,53248,384000000,28000000,0,76,138,0,1,0
17,0,85,1215,1196,91,551,53248,384000000,28000000,0,76,138,0,1,0
17,0,85,1215,1196,91,551,53248,388000000,28000000,0,76,138,0,1,0
17,0,85,1215,1196,91,551,53248,388000000,28000000,0,76,138,0,1,0
17,0,85,1215,1196,91,551,53248,388000000,28000000,0,77,138,0,1,0
17,0,85,1215,1196,91,551,53248,388000000,28000000,0,77,138,0,1,0
17,0,85,1215,1196,91,551,53248,388000000,28000000,0,78,138,0,1,0
17,0,85,1215,1196,91,551,53248,392000000,28000000,0,78,138,0,1,0
17,0,85,1215,1196,91,551,53248,392000000,28000000,0,78,138,0,1,0
17,0,85,1215,1196,91,551,53248,392000000,28000000,0,78,138,0,1,0
17,0,85,1215,1196,91,551,53248,392000000,28000000,0,79,138,0,1,0
17,0,85,1215,1196,91,551,53248,392000000,28000000,0,79,138,0,1,0
17,0,85,1215,1196,91,551,53248,392000000,28000000,0,79,138,0,1,0
17,0,85,1215,1196,91,551,53248,392000000,28000000,0,79,138,0,1,0
17,0,85,1215,1196,91,551,53248,392000000,28000000,0,79,138,0,1,0
17,0,85,1215,1196,91,551,53248,392000000,28000000,0,79,138,0,1,0
17,0,85,1215,1196,91,551,53248,396000000,28000000,0,79,138,0,1,0
17,0,85,1215,1196,91,551,53248,396000000,28000000,0,79,138,0,1,0
17,0,85,1215,1196,91,551,53248,396000000,28000000,0,79,138,0,1,0
17,0,85,1215,1196,91,551,53248,396000000,28000000,0,79,138,0,1,0
17,0,85,1215,1196,91,551,53248,396000000,28000000,0,79,138,0,1,0
17,0,85,1215,1196,91,551,53248,400000000,28000000,0,79,138,0,1,0
17,0,85,1215,1196,91,551,53248,400000000,28000000,0,79,138,0,1,0
17,0,85,1215,1196,91,551,53248,404000000,28000000,0,79,138,0,1,0
17,0,85,1215,1196,91,551,53248,404000000,28000000,0,79,138,0,1,0
17,0,85,1215,1196,91,551,53248,404000000,28000000,0,79,138,0,1,0
17,0,85,1215,1196,91,551,53248,404000000,28000000,0,79,138,0,1,0
17,0,85,1215,1196,91,551,53248,404000000,28000000,0,82,138,0,1,0
17,0,85,1215,1196,91,551,53248,404000000,28000000,0,83,138,0,1,0
17,0,85,1215,1196,91,551,53248,404000000,28000000,0,83,138,0,1,0
17,0,85,1215,1196,91,551,53248,404000000,28000000,0,84,138,0,1,0
17,0,85,1215,1196,91,551,53248,408000000,28000000,0,84,138,0,1,0
17,0,85,1215,1196,91,551,53248,408000000,28000000,0,84,138,0,1,0
17,0,85,1215,1196,91,551,53248,408000000,28000000,0,84,138,0,1,0
17,0,85,1215,1196,91,551,53248,408000000,28000000,0,84,138,0,1,0
17,0,85,1215,1196,91,551,53248,412000000,28000000,0,84,138,0,1,0
17,0,85,1215,1196,91,551,53248,412000000,28000000,0,84,138,0,1,0
17,0,85,1215,1196,91,551,53248,412000000,28000000,0,84,138,0,1,0
17,0,85,1215,1196,91,551,53248,412000000,28000000,0,84,138,0,1,0
17,0,85,1215,1196,91,551,53248,412000000,28000000,0,84,138,0,1,0
17,0,85,1215,1196,91,551,53248,416000000,28000000,0,84,138,0,1,0
17,0,85,1215,1196,91,551,53248,416000000,28000000,0,84,138,0,1,0
17,0,85,1215,1196,91,551,53248,416000000,28000000,0,84,138,0,1,0
17,0,85,1215,1196,91,551,53248,416000000,28000000,0,84,138,0,1,0
17,0,85,1215,1196,91,551,53248,416000000,28000000,0,84,138,0,1,0
17,0,85,1215,1196,91,551,53248,420000000,28000000,0,84,138,0,1,0
17,0,85,1215,1196,91,551,53248,420000000,28000000,0,84,138,0,1,0
17,0,85,1215,1196,91,551,53248,420000000,28000000,0,84,138,0,1,0
17,0,85,1215,1196,91,551,53248,420000000,28000000,0,84,138,0,1,0
17,0,85,1215,1196,91,551,53248,420000000,28000000,0,84,138,0,1,0
17,0,85,1215,1196,91,551,53248,420000000,28000000,0,84,138,0,1,0
17,0,85,1215,1196,91,551,53248,420000000,28000000,0,85,138,0,1,0
17,0,85,1215,1196,91,551,53248,420000000,28000000,0,85,138,0,1,0
17,0,85,1215,1196,91,551,53248,424000000,28000000,0,85,138,0,1,0
17,0,85,1215,1196,91,551,53248,424000000,28000000,0,86,138,0,1,0
17,0,85,1215,1196,91,551,53248,424000000,28000000,0,86,138,0,1,0
17,0,85,1215,1196,91,551,53248,424000000,28000000,0,86,138,0,1,0
17,0,85,1215,1196,91,551,53248,424000000,28000000,0,86,138,0,1,0
17,0,85,1215,1196,91,551,53248,424000000,28000000,0,86,138,0,1,0
17,0,85,1215,1196,91,551,53248,424000000,28000000,0,87,138,0,1,0
17,0,85,1215,1196,91,551,53248,424000000,28000000,0,87,138,0,1,0
17,0,85,1215,1196,91,551,53248,428000000,28000000,0,87,138,0,1,0
17,0,85,1215,1196,91,551,53248,428000000,28000000,0,87,138,0,1,0
17,0,85,1215,1196,91,551,53248,428000000,28000000,0,87,138,0,1,0
17,0,85,1215,1196,91,551,53248,432000000,28000000,0,87,138,0,1,0
17,0,85,1215,1196,91,551,53248,432000000,28000000,0,87,138,0,1,0
17,0,85,1215,1196,91,551,53248,432000000,28000000,0,87,138,0,1,0
17,0,85,1215,1196,91,551,53248,432000000,28000000,0,87,138,0,1,0
17,0,85,1215,1196,91,551,53248,432000000,28000000,0,87,138,0,1,0
17,0,85,1215,1196,91,551,53248,436000000,28000000,0,87,138,0,1,0
17,0,85,1215,1196,91,551,53248,436000000,28000000,0,87,138,0,1,0
17,0,85,1215,1196,91,551,53248,436000000,28000000,0,87,138,0,1,0
17,0,85,1215,1196,91,551,53248,436000000,28000000,0,87,138,0,1,0
17,0,85,1215,1196,91,551,53248,436000000,28000000,0,87,138,0,1,0
17,0,85,1215,1196,91,551,53248,436000000,28000000,0,88,138,0,1,0
17,0,85,1215,1196,91,551,53248,436000000,28000000,0,89,138,0,1,0
17,0,85,1215,1196,91,551,53248,440000000,28000000,0,89,138,0,1,0
17,0,85,1215,1196,91,551,53248,440000000,28000000,0,89,138,0,1,0
17,0,85,1215,1196,91,551,53248,440000000,28000000,0,91,138,0,1,0
17,0,85,1215,1196,91,551,53248,440000000,28000000,0,91,138,0,1,0
17,0,85,1215,1196,91,551,53248,440000000,28000000,0,91,138,0,1,0
17,0,85,1215,1196,91,551,53248,444000000,28000000,0,91,138,0,1,0
17,0,85,1215,1196,91,551,53248,444000000,28000000,0,91,138,0,1,0
17,0,85,1215,1196,91,551,53248,444000000,28000000,0,91,138,0,1,0
17,0,85,1215,1196,91,551,53248,444000000,28000000,0,92,138,0,1,0
17,0,85,1215,1196,91,551,53248,444000000,28000000,0,92,138,0,1,0
17,0,85,1215,1196,91,551,53248,444000000,28000000,0,92,138,0,1,0
17,0,85,1215,1196,91,551,53248,444000000,28000000,0,92,138,0,1,0
17,0,85,1215,1196,91,551,53248,448000000,28000000,0,92,138,0,1,0
17,0,85,1215,1196,91,551,53248,448000000,28000000,0,92,138,0,1,0
17,0,85,1215,1196,91,551,53248,448000000,28000000,0,92,138,0,1,0
17,0,85,1215,1196,91,551,53248,448000000,28000000,0,92,138,0,1,0
17,0,85,1215,1196,91,551,53248,452000000,28000000,0,92,138,0,1,0
17,0,85,1215,1196,91,551,53248,452000000,28000000,0,92,138,0,1,0
17,0,85,1215,1196,91,551,53248,452000000,28000000,0,93,138,0,1,0
17,0,85,1215,1196,91,551,53248,452000000,28000000,0,93,138,0,1,0
17,0,85,1215,1196,91,551,53248,456000000,28000000,0,93,138,0,1,0
17,0,85,1215,1196,91,551,53248,456000000,28000000,0,93,138,0,1,0
17,0,85,1215,1196,91,551,53248,456000000,28000000,0,93,138,0,1,0
17,0,85,1215,1196,91,551,53248,456000000,28000000,0,93,138,0,1,0
17,0,85,1215,1196,91,551,53248,460000000,28000000,0,93,138,0,1,0
17,0,85,1215,1196,91,551,53248,460000000,28000000,0,93,138,0,1,0
17,0,85,1215,1196,91,551,53248,460000000,28000000,0,93,138,0,1,0
17,0,85,1215,1196,91,551,53248,460000000,28000000,0,93,138,0,1,0
17,0,85,1215,1196,91,551,53248,464000000,28000000,0,93,138,0,1,0
17,0,85,1215,1196,91,551,53248,464000000,28000000,0,93,138,0,1,0
17,0,85,1215,1196,91,551,53248,464000000,28000000,0,93,138,0,1,0
17,0,85,1215,1196,91,551,53248,464000000,28000000,0,93,138,0,1,0
17,0,85,1215,1196,91,551,53248,468000000,28000000,0,93,138,0,1,0
17,0,85,1215,1196,91,551,53248,468000000,28000000,0,93,138,0,1,0
17,0,85,1215,1196,91,551,53248,468000000,28000000,0,93,138,0,1,0
17,0,85,1215,1196,91,551,53248,472000000,28000000,0,93,138,0,1,0
17,0,85,1215,1196,91,551,53248,472000000,28000000,0,93,138,0,1,0
17,0,85,1215,1196,91,551,53248,472000000,28000000,0,93,138,0,1,0
17,0,85,1215,1196,91,551,53248,476000000,28000000,0,93,138,0,1,0
17,0,85,1215,1196,91,551,53248,476000000,28000000,0,93,138,0,1,0
17,0,85,1215,1196,91,551,53248,476000000,28000000,0,93,138,0,1,0
17,0,85,1215,1196,91,551,53248,476000000,28000000,0,93,138,0,1,0
17,0,85,1215,1196,91,551,53248,476000000,28000000,0,93,138,0,1,0
17,0,85,1215,1196,91,551,53248,476000000,28000000,0,93,138,0,1,0
17,0,85,1215,1196,91,551,53248,480000000,28000000,0,93,138,0,1,0
17,0,85,1215,1196,91,551,53248,480000000,28000000,0,93,138,0,1,0
17,0,85,1215,1196,91,551,53248,480000000,28000000,0,93,138,0,1,0
17,0,85,1215,1196,91,551,53248,480000000,28000000,0,93,138,0,1,0
17,0,85,1215,1196,91,551,53248,484000000,28000000,0,93,138,0,1,0
17,0,85,1215,1196,91,551,53248,484000000,28000000,0,93,138,0,1,0
17,0,85,1215,1196,91,551,53248,484000000,28000000,0,93,138,0,1,0
17,0,85,1215,1196,91,551,53248,488000000,28000000,0,93,138,0,1,0
17,0,85,1215,1196,91,551,53248,488000000,28000000,0,93,138,0,1,0
17,0,85,1215,1196,91,551,53248,488000000,28000000,0,93,138,0,1,0
17,0,85,1215,1196,91,551,53248,488000000,28000000,0,93,138,0,1,0
17,0,85,1215,1196,91,551,53248,492000000,28000000,0,93,138,0,1,0
17,0,85,1215,1196,91,551,53248,492000000,28000000,0,93,138,0,1,0
17,0,85,1215,1196,91,551,53248,492000000,28000000,0,93,138,0,1,0
17,0,85,1215,1196,91,551,53248,492000000,28000000,0,93,138,0,1,0
17,0,85,1215,1196,91,551,53248,492000000,28000000,0,93,138,0,1,0
17,0,85,1215,1196,91,551,53248,492000000,28000000,0,93,138,0,1,0
17,0,85,1215,1196,91,551,53248,496000000,28000000,0,93,138,0,1,0
17,0,85,1215,1196,91,551,53248,496000000,28000000,0,93,138,0,1,0
17,0,85,1215,1196,91,551,53248,496000000,28000000,0,93,138,0,1,0
17,0,85,1215,1196,91,551,53248,504000000,28000000,0,93,138,0,1,0
17,0,85,1215,1196,91,551,53248,504000000,28000000,0,93,138,0,1,0
17,0,85,1215,1196,91,551,53248,504000000,28000000,0,93,138,0,1,0
17,0,85,1215,1196,91,551,53248,504000000,28000000,0,93,138,0,1,0
17,0,85,1215,1196,91,551,53248,504000000,28000000,0,93,138,0,1,0
17,0,85,1215,1196,91,551,53248,504000000,28000000,0,93,138,0,1,0
17,0,85,1215,1196,91,551,53248,508000000,28000000,0,93,138,0,1,0
17,0,85,1215,1196,91,551,53248,508000000,28000000,0,93,138,0,1,0
17,0,85,1215,1196,91,551,53248,508000000,28000000,0,93,138,0,1,0
17,0,85,1215,1196,91,551,53248,512000000,28000000,0,93,138,0,1,0
17,0,85,1215,1196,91,551,53248,516000000,28000000,0,93,138,0,1,0
17,0,85,1215,1196,91,551,53248,516000000,28000000,0,93,138,0,1,0
17,0,85,1215,1196,91,551,53248,516000000,28000000,0,93,138,0,1,0
17,0,85,1215,1196,91,551,53248,520000000,28000000,0,93,138,0,1,0
17,0,85,1215,1196,91,551,53248,520000000,28000000,0,93,138,0,1,0
17,0,85,1215,1196,91,551,53248,520000000,28000000,0,93,138,0,1,0
17,0,85,1215,1196,91,551,53248,520000000,28000000,0,93,138,0,1,0
17,0,85,1215,1196,91,551,53248,520000000,28000000,0,93,138,0,1,0
17,0,85,1215,1196,91,551,53248,524000000,28000000,0,93,138,0,1,0
17,0,85,1215,1196,91,551,53248,524000000,28000000,0,93,138,0,1,0
17,0,85,1215,1196,91,551,53248,524000000,28000000,0,93,138,0,1,0
17,0,85,1215,1196,91,551,53248,524000000,28000000,0,93,138,0,1,0
17,0,85,1215,1196,91,551,53248,524000000,28000000,0,93,138,0,1,0
17,0,85,1215,1196,91,551,53248,524000000,28000000,0,93,138,0,1,0
17,0,85,1215,1196,91,551,53248,528000000,28000000,0,93,138,0,1,0
17,0,85,1215,1196,91,551,53248,528000000,28000000,0,93,138,0,1,0
17,0,85,1215,1196,91,551,53248,528000000,28000000,0,93,138,0,1,0
17,0,85,1215,1196,91,551,53248,532000000,28000000,0,93,138,0,1,0
17,0,85,1215,1196,91,551,53248,532000000,28000000,0,93,138,0,1,0
17,0,85,1215,1196,91,551,53248,532000000,28000000,0,93,138,0,1,0
17,0,85,1215,1196,91,551,53248,532000000,28000000,0,93,138,0,1,0
17,0,85,1215,1196,91,551,53248,536000000,28000000,0,93,138,0,1,0
17,0,85,1215,1196,91,551,53248,536000000,28000000,0,93,138,0,1,0
17,0,85,1215,1196,91,551,53248,536000000,28000000,0,93,138,0,1,0
17,0,85,1215,1196,91,551,53248,536000000,28000000,0,93,138,0,1,0
17,0,85,1215,1196,91,551,53248,536000000,28000000,0,93,138,0,1,0
17,0,85,1215,1196,91,551,53248,540000000,28000000,0,93,138,0,1,0
17,0,85,1215,1196,91,551,53248,540000000,28000000,0,93,138,0,1,0
17,0,85,1215,1196,91,551,53248,540000000,28000000,0,93,138,0,1,0
17,0,85,1215,1196,91,551,53248,540000000,28000000,0,93,138,0,1,0
17,0,85,1215,1196,91,551,53248,540000000,28000000,0,93,138,0,1,0
17,0,85,1215,1196,91,551,53248,544000000,28000000,0,93,138,0,1,0
17,0,85,1215,1196,91,551,53248,544000000,28000000,0,93,138,0,1,0
17,0,85,1215,1196,91,551,53248,548000000,28000000,0,93,138,0,1,0
17,0,85,1215,1196,91,551,53248,548000000,28000000,0,93,138,0,1,0
17,0,85,1215,1196,91,551,53248,548000000,28000000,0,93,138,0,1,0
17,0,85,1215,1196,91,551,53248,548000000,28000000,0,93,138,0,1,0
17,0,85,1215,1196,91,551,53248,552000000,28000000,0,93,138,0,1,0
17,0,85,1215,1196,91,551,53248,552000000,28000000,0,93,138,0,1,0
17,0,85,1215,1196,91,551,53248,552000000,28000000,0,93,138,0,1,0
17,0,85,1215,1196,91,551,53248,556000000,28000000,0,93,138,0,1,0
17,0,85,1215,1196,91,551,53248,556000000,28000000,0,94,138,0,1,0
17,0,85,1215,1196,91,551,53248,556000000,28000000,0,94,138,0,1,0
17,0,85,1215,1196,91,551,53248,556000000,28000000,0,94,138,0,1,0
17,0,85,1215,1196,91,551,53248,560000000,28000000,0,94,138,0,1,0
17,0,85,1215,1196,91,551,53248,560000000,28000000,0,94,138,0,1,0
17,0,85,1215,1196,91,551,53248,560000000,28000000,0,94,138,0,1,0
17,0,85,1215,1196,91,551,53248,560000000,28000000,0,94,138,0,1,0
17,0,85,1215,1196,91,551,53248,564000000,28000000,0,94,138,0,1,0
17,0,85,1215,1196,91,551,53248,564000000,28000000,0,94,138,0,1,0
17,0,85,1215,1196,91,551,53248,564000000,28000000,0,94,138,0,1,0
17,0,85,1215,1196,91,551,53248,564000000,28000000,0,94,138,0,1,0
17,0,85,1215,1196,91,551,53248,564000000,28000000,0,94,138,0,1,0
17,0,85,1215,1196,91,551,53248,564000000,32000000,0,97,138,0,1,0
17,0,85,1215,1196,91,551,53248,568000000,32000000,0,97,138,0,1,0
17,0,85,1215,1196,91,551,53248,568000000,32000000,0,97,138,0,1,0
17,0,85,1215,1196,91,551,53248,568000000,32000000,0,97,138,0,1,0
17,0,85,1215,1196,91,551,53248,568000000,32000000,0,97,138,0,1,0
17,0,85,1215,1196,91,551,53248,568000000,32000000,0,97,138,0,1,0
17,0,85,1215,1196,91,551,53248,568000000,32000000,0,97,138,0,1,0
17,0,85,1215,1196,91,551,53248,568000000,32000000,0,97,138,0,1,0
17,0,85,1215,1196,91,551,53248,568000000,32000000,0,97,138,0,1,0
17,0,85,1215,1196,91,551,53248,572000000,32000000,0,97,138,0,1,0
17,0,85,1215,1196,91,551,53248,572000000,32000000,0,97,138,0,1,0
17,0,85,1215,1196,91,551,53248,572000000,32000000,0,97,138,0,1,0
17,0,85,1215,1196,91,551,53248,576000000,32000000,0,97,138,0,1,0
17,0,85,1215,1196,91,551,53248,580000000,32000000,0,97,138,0,1,0
17,0,85,1215,1196,91,551,53248,584000000,32000000,0,97,138,0,1,0
17,0,85,1215,1196,91,551,53248,584000000,32000000,0,97,138,0,1,0
17,0,85,1215,1196,91,551,53248,584000000,32000000,0,97,138,0,1,0
17,0,85,1215,1196,91,551,53248,584000000,32000000,0,97,138,0,1,0
17,0,85,1215,1196,91,551,53248,584000000,32000000,0,97,138,0,1,0
17,0,85,1215,1196,91,551,53248,584000000,32000000,0,97,138,0,1,0
17,0,85,1215,1196,91,551,53248,584000000,32000000,0,97,138,0,1,0
17,0,85,1215,1196,91,551,53248,588000000,32000000,0,97,138,0,1,0
17,0,85,1215,1196,91,551,53248,588000000,32000000,0,97,138,0,1,0
17,0,85,1215,1196,91,551,53248,588000000,32000000,0,97,138,0,1,0
17,0,85,1215,1196,91,551,53248,592000000,32000000,0,97,138,0,1,0
17,0,85,1215,1196,91,551,53248,592000000,32000000,0,97,138,0,1,0
17,0,85,1215,1196,91,551,53248,592000000,32000000,0,97,138,0,1,0
17,0,85,1215,1196,91,551,53248,596000000,32000000,0,97,138,0,1,0
17,0,85,1215,1196,91,551,53248,596000000,32000000,0,97,138,0,1,0
17,0,85,1215,1196,91,551,53248,596000000,32000000,0,97,138,0,1,0
17,0,85,1215,1196,91,551,53248,596000000,32000000,0,97,138,0,1,0
17,0,85,1215,1196,91,551,53248,596000000,32000000,0,97,138,0,1,0
17,0,85,1215,1196,91,551,53248,600000000,32000000,0,97,138,0,1,0
17,0,85,1215,1196,91,551,53248,600000000,32000000,0,97,138,0,1,0
17,0,85,1215,1196,91,551,53248,600000000,32000000,0,97,138,0,1,0
17,0,85,1215,1196,91,551,53248,600000000,32000000,0,97,138,0,1,0
17,0,85,1215,1196,91,551,53248,600000000,32000000,0,97,138,0,1,0
17,0,85,1215,1196,91,551,53248,604000000,32000000,0,97,138,0,1,0
17,0,85,1215,1196,91,551,53248,604000000,32000000,0,97,138,0,1,0
17,0,85,1215,1196,91,551,53248,604000000,32000000,0,97,138,0,1,0
17,0,85,1215,1196,91,551,53248,608000000,32000000,0,97,138,0,1,0
17,0,85,1215,1196,91,551,53248,608000000,32000000,0,97,138,0,1,0
17,0,85,1215,1196,91,551,53248,608000000,32000000,0,97,138,0,1,0
17,0,85,1215,1196,91,551,53248,608000000,32000000,0,97,138,0,1,0
17,0,85,1215,1196,91,551,53248,612000000,32000000,0,97,138,0,1,0
17,0,85,1215,1196,91,551,53248,612000000,32000000,0,97,138,0,1,0
17,0,85,1215,1196,91,551,53248,612000000,32000000,0,97,138,0,1,0
17,0,85,1215,1196,91,551,53248,612000000,32000000,0,97,138,0,1,0
17,0,85,1215,1196,91,551,53248,616000000,32000000,0,97,138,0,1,0
17,0,85,1215,1196,91,551,53248,616000000,32000000,0,97,138,0,1,0
17,0,85,1215,1196,91,551,53248,620000000,32000000,0,97,138,0,1,0
17,0,85,1215,1196,91,551,53248,620000000,32000000,0,97,138,0,1,0
17,0,85,1215,1196,91,551,53248,620000000,32000000,0,97,138,0,1,0
17,0,85,1215,1196,91,551,53248,624000000,32000000,0,97,138,0,1,0
17,0,85,1215,1196,91,551,53248,628000000,32000000,0,97,138,0,1,0
17,0,85,1215,1196,91,551,53248,628000000,32000000,0,97,138,0,1,0
17,0,85,1215,1196,91,551,53248,628000000,32000000,0,97,138,0,1,0
17,0,85,1215,1196,91,551,53248,632000000,32000000,0,97,138,0,1,0
17,0,85,1215,1196,91,551,53248,632000000,32000000,0,97,138,0,1,0
17,0,85,1215,1196,91,551,53248,636000000,32000000,0,97,138,0,1,0
17,0,85,1215,1196,91,551,53248,640000000,32000000,0,97,138,0,1,0
17,0,85,1215,1196,91,551,53248,640000000,32000000,0,97,138,0,1,0
17,0,85,1215,1196,91,551,53248,640000000,32000000,0,97,138,0,1,0
17,0,85,1215,1196,91,551,53248,640000000,32000000,0,97,138,0,1,0
17,0,85,1215,1196,91,551,53248,640000000,32000000,0,97,138,0,1,0
17,0,85,1215,1196,91,551,53248,640000000,32000000,0,97,138,0,1,0
17,0,85,1215,1196,91,551,53248,640000000,32000000,0,97,138,0,1,0
17,0,85,1215,1196,91,551,53248,644000000,32000000,0,97,138,0,1,0
17,0,85,1215,1196,91,551,53248,644000000,32000000,0,97,138,0,1,0
17,0,85,1215,1196,91,551,53248,644000000,32000000,0,97,138,0,1,0
17,0,85,1215,1196,91,551,53248,644000000,32000000,0,97,138,0,1,0
17,0,85,1215,1196,91,551,53248,644000000,32000000,0,97,138,0,1,0
17,0,85,1215,1196,91,551,53248,644000000,32000000,0,97,138,0,1,0
17,0,85,1215,1196,91,551,53248,644000000,32000000,0,97,138,0,1,0
17,0,85,1215,1196,91,551,53248,648000000,32000000,0,98,138,0,1,0
17,0,85,1215,1196,91,551,53248,648000000,32000000,0,98,138,0,1,0
17,0,85,1215,1196,91,551,53248,648000000,32000000,0,98,138,0,1,0
17,0,85,1215,1196,91,551,53248,652000000,32000000,0,98,138,0,1,0
17,0,85,1215,1196,91,551,53248,652000000,32000000,0,98,138,0,1,0
17,0,85,1215,1196,91,551,53248,652000000,32000000,0,98,138,0,1,0
17,0,85,1215,1196,91,551,53248,652000000,32000000,0,98,138,0,1,0
17,0,85,1215,1196,91,551,53248,656000000,32000000,0,98,138,0,1,0
17,0,85,1215,1196,91,551,53248,656000000,32000000,0,98,138,0,1,0
17,0,85,1215,1196,91,551,53248,656000000,32000000,0,98,138,0,1,0
17,0,85,1215,1196,91,551,53248,656000000,32000000,0,98,138,0,1,0
17,0,85,1215,1196,91,551,53248,656000000,32000000,0,98,138,0,1,0
17,0,85,1215,1196,91,551,53248,660000000,32000000,0,98,138,0,1,0
17,0,85,1215,1196,91,551,53248,660000000,32000000,0,98,138,0,1,0
17,0,85,1215,1196,91,551,53248,660000000,32000000,0,98,138,0,1,0
17,0,85,1215,1196,91,551,53248,660000000,32000000,0,98,138,0,1,0
17,0,85,1215,1196,91,551,53248,664000000,32000000,0,98,138,0,1,0
17,0,85,1215,1196,91,551,53248,664000000,32000000,0,98,138,0,1,0
17,0,85,1215,1196,91,551,53248,664000000,32000000,0,98,138,0,1,0
17,0,85,1215,1196,91,551,53248,668000000,32000000,0,98,138,0,1,0
17,0,85,1215,1196,91,551,53248,668000000,32000000,0,98,138,0,1,0
17,0,85,1215,1196,91,551,53248,668000000,32000000,0,98,138,0,1,0
17,0,85,1215,1196,91,551,53248,668000000,32000000,0,98,138,0,1,0
17,0,85,1215,1196,91,551,53248,672000000,32000000,0,98,138,0,1,0
17,0,85,1215,1196,91,551,53248,672000000,32000000,0,98,138,0,1,0
17,0,85,1215,1196,91,551,53248,672000000,32000000,0,98,138,0,1,0
17,0,85,1215,1196,91,551,53248,676000000,32000000,0,98,138,0,1,0
17,0,85,1215,1196,91,551,53248,676000000,32000000,0,98,138,0,1,0
17,0,85,1215,1196,91,551,53248,676000000,32000000,0,98,138,0,1,0
17,0,85,1215,1196,91,551,53248,680000000,32000000,0,98,138,0,1,0
17,0,85,1215,1196,91,551,53248,684000000,32000000,0,98,138,0,1,0
17,0,85,1215,1196,91,551,53248,684000000,32000000,0,98,138,0,1,0
17,0,85,1215,1196,91,551,53248,684000000,32000000,0,98,138,0,1,0
17,0,85,1215,1196,91,551,53248,684000000,32000000,0,98,138,0,1,0
17,0,85,1215,1196,91,551,53248,684000000,32000000,0,98,138,0,1,0
17,0,85,1215,1196,91,551,53248,684000000,32000000,0,98,138,0,1,0
17,0,85,1215,1196,91,551,53248,684000000,32000000,0,98,138,0,1,0
17,0,85,1215,1196,91,551,53248,688000000,32000000,0,98,138,0,1,0
17,0,85,1215,1196,91,551,53248,692000000,32000000,0,98,138,0,1,0
17,0,85,1215,1196,91,551,53248,692000000,32000000,0,98,138,0,1,0
17,0,85,1215,1196,91,551,53248,696000000,32000000,0,98,138,0,1,0
17,0,85,1215,1196,91,551,53248,696000000,32000000,0,98,138,0,1,0
17,0,85,1215,1196,91,551,53248,696000000,32000000,0,98,138,0,1,0
17,0,85,1215,1196,91,551,53248,696000000,32000000,0,98,138,0,1,0
17,0,85,1215,1196,91,551,53248,696000000,32000000,0,98,138,0,1,0
17,0,85,1215,1196,91,551,53248,696000000,32000000,0,98,138,0,1,0
17,0,85,1215,1196,91,551,53248,700000000,32000000,0,99,138,0,1,0
17,0,85,1215,1196,91,551,53248,700000000,32000000,0,99,138,0,1,0
17,0,85,1215,1196,91,551,53248,700000000,32000000,0,99,138,0,1,0
17,0,85,1215,1196,91,551,53248,704000000,32000000,0,99,138,0,1,0
17,0,85,1215,1196,91,551,53248,704000000,32000000,0,99,138,0,1,0
17,0,85,1215,1196,91,551,53248,704000000,32000000,0,99,138,0,1,0
17,0,85,1215,1196,91,551,53248,704000000,32000000,0,99,138,0,1,0
17,0,85,1215,1196,91,551,53248,704000000,32000000,0,99,138,0,1,0
17,0,85,1215,1196,91,551,53248,704000000,32000000,0,99,138,0,1,0
17,0,85,1215,1196,91,551,53248,708000000,32000000,0,99,138,0,1,0
17,0,85,1215,1196,91,551,53248,708000000,32000000,0,99,138,0,1,0
17,0,85,1215,1196,91,551,53248,708000000,32000000,0,99,138,0,1,0
17,0,85,1215,1196,91,551,53248,712000000,32000000,0,99,138,0,1,0
17,0,85,1215,1196,91,551,53248,716000000,32000000,0,99,138,0,1,0
17,0,85,1215,1196,91,551,53248,720000000,32000000,0,99,138,0,1,0
17,0,85,1215,1196,91,551,53248,720000000,32000000,0,99,138,0,1,0
17,0,85,1215,1196,91,551,53248,724000000,32000000,0,99,138,0,1,0
17,0,85,1215,1196,91,551,53248,724000000,32000000,0,99,138,0,1,0
17,0,85,1215,1196,91,551,53248,728000000,32000000,0,99,138,0,1,0
17,0,85,1215,1196,91,551,53248,728000000,32000000,0,99,138,0,1,0
17,0,85,1215,1196,91,551,53248,732000000,32000000,0,99,138,0,1,0
17,0,85,1215,1196,91,551,53248,732000000,32000000,0,99,138,0,1,0
17,0,85,1215,1196,91,551,53248,736000000,32000000,0,99,138,0,1,0
17,0,85,1215,1196,91,551,53248,736000000,32000000,0,99,138,0,1,0
17,0,85,1215,1196,91,551,53248,736000000,32000000,0,99,138,0,1,0
17,0,85,1215,1196,91,551,53248,740000000,32000000,0,99,138,0,1,0
17,0,85,1215,1196,91,551,53248,744000000,32000000,0,99,138,0,1,0
17,0,85,1215,1196,91,551,53248,744000000,32000000,0,99,138,0,1,0
17,0,85,1215,1196,91,551,53248,748000000,32000000,0,99,138,0,1,0
17,0,85,1215,1196,91,551,53248,748000000,32000000,0,99,138,0,1,0
17,0,85,1215,1196,91,551,53248,752000000,32000000,0,99,138,0,1,0
17,0,85,1215,1196,91,551,53248,752000000,32000000,0,99,138,0,1,0
17,0,85,1215,1196,91,551,53248,752000000,32000000,0,99,138,0,1,0
17,0,85,1215,1196,91,551,53248,752000000,32000000,0,99,138,0,1,0
17,0,85,1215,1196,91,551,53248,752000000,32000000,0,99,138,0,1,0
17,0,85,1215,1196,91,551,53248,752000000,32000000,0,99,138,0,1,0
17,0,85,1215,1196,91,551,53248,752000000,32000000,0,99,138,0,1,0
17,0,85,1215,1196,91,551,53248,752000000,32000000,0,99,138,0,1,0
17,0,85,1215,1196,91,551,53248,756000000,32000000,0,99,138,0,1,0
17,0,85,1215,1196,91,551,53248,756000000,32000000,0,99,138,0,1,0
17,0,85,1215,1196,91,551,53248,756000000,32000000,0,99,138,0,1,0
17,0,85,1215,1196,91,551,53248,760000000,32000000,0,99,138,0,1,0
17,0,85,1215,1196,91,551,53248,760000000,32000000,0,99,138,0,1,0
17,0,85,1215,1196,91,551,53248,760000000,32000000,0,99,138,0,1,0
17,0,85,1215,1196,91,551,53248,760000000,32000000,0,99,138,0,1,0
17,0,85,1215,1196,91,551,53248,764000000,32000000,0,99,138,0,1,0
17,0,85,1215,1196,91,551,53248,764000000,32000000,0,99,138,0,1,0
17,0,85,1215,1196,91,551,53248,764000000,32000000,0,99,138,0,1,0
17,0,85,1215,1196,91,551,53248,768000000,32000000,0,99,138,0,1,0
17,0,85,1215,1196,91,551,53248,772000000,32000000,0,99,138,0,1,0
17,0,85,1215,1196,91,551,53248,772000000,32000000,0,99,138,0,1,0
17,0,85,1215,1196,91,551,53248,772000000,32000000,0,99,138,0,1,0
17,0,85,1215,1196,91,551,53248,776000000,32000000,0,99,138,0,1,0
17,0,85,1215,1196,91,551,53248,776000000,32000000,0,99,138,0,1,0
17,0,85,1215,1196,91,551,53248,776000000,32000000,0,99,138,0,1,0
17,0,85,1215,1196,91,551,53248,780000000,32000000,0,99,138,0,1,0
17,0,85,1215,1196,91,551,53248,784000000,32000000,0,99,138,0,1,0
17,0,85,1215,1196,91,551,53248,784000000,32000000,0,99,138,0,1,0
17,0,85,1215,1196,91,551,53248,788000000,32000000,0,99,138,0,1,0
17,0,85,1215,1196,91,551,53248,792000000,32000000,0,99,138,0,1,0
17,0,85,1215,1196,91,551,53248,792000000,32000000,0,99,138,0,1,0
17,0,85,1215,1196,91,551,53248,796000000,32000000,0,99,138,0,1,0
17,0,85,1215,1196,91,551,53248,796000000,32000000,0,99,138,0,1,0
17,0,85,1215,1196,91,551,53248,800000000,32000000,0,99,138,0,1,0
17,0,85,1215,1196,91,551,53248,800000000,32000000,0,99,138,0,1,0
17,0,85,1215,1196,91,551,53248,804000000,32000000,0,99,138,0,1,0
17,0,85,1215,1196,91,551,53248,804000000,32000000,0,99,138,0,1,0
17,0,85,1215,1196,91,551,53248,804000000,32000000,0,99,138,0,1,0
17,0,85,1215,1196,91,551,53248,808000000,32000000,0,99,138,0,1,0
17,0,85,1215,1196,91,551,53248,812000000,32000000,0,99,138,0,1,0
17,0,85,1215,1196,91,551,53248,816000000,32000000,0,99,138,0,1,0
17,0,85,1215,1196,91,551,53248,816000000,32000000,0,99,138,0,1,0
17,0,85,1215,1196,91,551,53248,820000000,32000000,0,99,138,0,1,0
17,0,85,1215,1196,91,551,53248,824000000,32000000,0,99,138,0,1,0
17,0,85,1215,1196,91,551,53248,824000000,32000000,0,99,138,0,1,0
17,0,85,1215,1196,91,551,53248,824000000,32000000,0,99,138,0,1,0
17,0,85,1215,1196,91,551,53248,828000000,32000000,0,99,138,0,1,0
17,0,85,1215,1196,91,551,53248,828000000,32000000,0,99,138,0,1,0
17,0,85,1215,1196,91,551,53248,828000000,32000000,0,99,138,0,1,0
17,0,85,1215,1196,91,551,53248,828000000,32000000,0,99,138,0,1,0
17,0,85,1215,1196,91,551,53248,828000000,32000000,0,99,138,0,1,0
17,0,85,1215,1196,91,551,53248,828000000,32000000,0,99,138,0,1,0
17,0,85,1215,1196,91,551,53248,832000000,32000000,0,99,138,0,1,0
17,0,85,1215,1196,91,551,53248,832000000,32000000,0,99,138,0,1,0
17,0,85,1215,1196,91,551,53248,832000000,32000000,0,99,138,0,1,0
17,0,85,1215,1196,91,551,53248,832000000,32000000,0,99,138,0,1,0
17,0,85,1215,1196,91,551,53248,832000000,32000000,0,99,138,0,1,0
17,0,85,1215,1196,91,551,53248,832000000,32000000,0,99,138,0,1,0
17,0,85,1215,1196,91,551,53248,832000000,36000000,0,99,138,0,1,0
17,0,85,1215,1196,91,551,53248,832000000,36000000,0,99,138,0,1,0
17,0,85,1215,1196,91,551,53248,832000000,36000000,0,99,138,0,1,0
17,0,85,1215,1196,91,551,53248,832000000,36000000,0,99,138,0,1,0
17,0,85,1215,1196,91,551,53248,832000000,36000000,0,99,138,0,1,0
17,0,85,1215,1196,91,551,53248,836000000,36000000,0,99,138,0,1,0
17,0,85,1215,1196,91,551,53248,836000000,36000000,0,99,138,0,1,0
17,0,85,1215,1196,91,551,53248,836000000,36000000,0,99,138,0,1,0
17,0,85,1215,1196,91,551,53248,840000000,36000000,0,99,138,0,1,0
17,0,85,1215,1196,91,551,53248,840000000,36000000,0,99,138,0,1,0
17,0,85,1215,1196,91,551,53248,840000000,36000000,0,99,138,0,1,0
17,0,85,1215,1196,91,551,53248,840000000,36000000,0,99,138,0,1,0
17,0,85,1215,1196,91,551,53248,840000000,36000000,0,100,138,0,1,0
17,0,85,1215,1196,91,551,53248,840000000,36000000,0,100,138,0,1,0
17,0,85,1215,1196,91,551,53248,840000000,36000000,0,100,138,0,1,0
17,0,85,1215,1196,91,551,53248,840000000,36000000,0,100,138,0,1,0
17,0,85,1215,1196,91,551,53248,840000000,36000000,0,100,138,0,1,0
17,0,85,1215,1196,91,551,53248,844000000,36000000,0,100,138,0,1,0
17,0,85,1215,1196,91,551,53248,844000000,36000000,0,100,138,0,1,0
17,0,85,1215,1196,91,551,53248,844000000,36000000,0,100,138,0,1,0
17,0,85,1215,1196,91,551,53248,844000000,36000000,0,100,138,0,1,0
17,0,85,1215,1196,91,551,53248,844000000,36000000,0,100,138,0,1,0
17,0,85,1215,1196,91,551,53248,848000000,36000000,0,100,138,0,1,0
17,0,85,1215,1196,91,551,53248,848000000,36000000,0,100,138,0,1,0
17,0,85,1215,1196,91,551,53248,848000000,36000000,0,100,138,0,1,0
17,0,85,1215,1196,91,551,53248,848000000,36000000,0,100,138,0,1,0
17,0,85,1215,1196,91,551,53248,852000000,36000000,0,100,138,0,1,0
17,0,85,1215,1196,91,551,53248,852000000,36000000,0,100,138,0,1,0
17,0,85,1215,1196,91,551,53248,852000000,36000000,0,100,138,0,1,0
17,0,85,1215,1196,91,551,53248,852000000,36000000,0,101,138,0,1,0
17,0,85,1215,1196,91,551,53248,856000000,36000000,0,101,138,0,1,0
17,0,85,1215,1196,91,551,53248,856000000,36000000,0,101,138,0,1,0
17,0,85,1215,1196,91,551,53248,856000000,36000000,0,101,138,0,1,0
17,0,85,1215,1196,91,551,53248,856000000,36000000,0,101,138,0,1,0
17,0,85,1215,1196,91,551,53248,856000000,36000000,0,101,138,0,1,0
17,0,85,1215,1196,91,551,53248,856000000,36000000,0,101,138,0,1,0
17,0,85,1215,1196,91,551,53248,860000000,36000000,0,101,138,0,1,0
17,0,85,1215,1196,91,551,53248,860000000,36000000,0,101,138,0,1,0
17,0,85,1215,1196,91,551,53248,860000000,36000000,0,101,138,0,1,0
17,0,85,1215,1196,91,551,53248,860000000,36000000,0,101,138,0,1,0
17,0,85,1215,1196,91,551,53248,860000000,36000000,0,101,138,0,1,0
17,0,85,1215,1196,91,551,53248,860000000,36000000,0,101,138,0,1,0
17,0,85,1215,1196,91,551,53248,860000000,36000000,0,101,138,0,1,0
17,0,85,1215,1196,91,551,53248,860000000,36000000,0,101,138,0,1,0
17,0,85,1215,1196,91,551,53248,860000000,36000000,0,101,138,0,1,0
17,0,85,1215,1196,91,551,53248,860000000,36000000,0,101,138,0,1,0
17,0,85,1215,1196,91,551,53248,860000000,36000000,0,101,138,0,1,0
17,0,85,1215,1196,91,551,53248,860000000,36000000,0,101,138,0,1,0
17,0,85,1215,1196,91,551,53248,860000000,36000000,0,101,138,0,1,0
17,0,85,1215,1196,91,551,53248,860000000,36000000,0,101,138,0,1,0
17,0,85,1215,1196,91,551,53248,860000000,36000000,0,101,138,0,1,0
17,0,85,1215,1196,91,551,53248,860000000,36000000,0,101,138,0,1,0
17,0,85,1215,1196,91,551,53248,860000000,36000000,0,101,138,0,1,0
17,0,85,1215,1196,91,551,53248,860000000,36000000,0,101,138,0,1,0
17,0,85,1215,1196,91,551,53248,860000000,36000000,0,101,138,0,1,0
17,0,85,1215,1196,91,551,53248,860000000,36000000,0,101,138,0,1,0
17,0,85,1215,1196,91,551,53248,864000000,36000000,0,101,138,0,1,0
17,0,85,1215,1196,91,551,53248,864000000,36000000,0,101,138,0,1,0
17,0,85,1215,1196,91,551,53248,864000000,36000000,0,101,138,0,1,0
17,0,85,1215,1196,91,551,53248,864000000,36000000,0,101,138,0,1,0
17,0,85,1215,1196,91,551,53248,864000000,36000000,0,101,138,0,1,0
17,0,85,1215,1196,91,551,53248,864000000,36000000,0,101,138,0,1,0
17,0,85,1215,1196,91,551,53248,864000000,36000000,0,101,138,0,1,0
17,0,85,1215,1196,91,551,53248,864000000,36000000,0,101,138,0,1,0
17,0,85,1215,1196,91,551,53248,864000000,36000000,0,101,138,0,1,0
17,0,85,1215,1196,91,551,53248,864000000,36000000,0,101,138,0,1,0
17,0,85,1215,1196,91,551,53248,864000000,36000000,0,101,138,0,1,0
17,0,85,1215,1196,91,551,53248,864000000,36000000,0,101,138,0,1,0
17,0,85,1215,1196,91,551,53248,864000000,36000000,0,101,138,0,1,0
17,0,85,1215,1196,91,551,53248,864000000,36000000,0,101,138,0,1,0
17,0,85,1215,1196,91,551,53248,864000000,36000000,0,101,138,0,1,0
17,0,85,1215,1196,91,551,53248,864000000,36000000,0,101,138,0,1,0
17,0,85,1215,1196,91,551,53248,864000000,36000000,0,101,138,0,1,0
17,0,85,1215,1196,91,551,53248,864000000,36000000,0,101,138,0,1,0
17,0,85,1215,1196,91,551,53248,864000000,36000000,0,101,138,0,1,0
17,0,85,1215,1196,91,551,53248,864000000,36000000,0,101,138,0,1,0
17,0,85,1215,1196,91,551,53248,864000000,36000000,0,101,138,0,1,0
17,0,85,1215,1196,91,551,53248,864000000,36000000,0,101,138,0,1,0
17,0,85,1215,1196,91,551,53248,864000000,36000000,0,101,138,0,1,0
17,0,85,1215,1196,91,551,53248,864000000,36000000,0,101,138,0,1,0
17,0,85,1215,1196,91,551,53248,864000000,36000000,0,101,138,0,1,0
17,0,85,1215,1196,91,551,53248,864000000,36000000,0,101,138,0,1,0
17,0,85,1215,1196,91,551,53248,864000000,36000000,0,101,138,0,1,0
17,0,85,1215,1196,91,551,53248,864000000,36000000,0,101,138,0,1,0
17,0,85,1215,1196,91,551,53248,864000000,36000000,0,101,138,0,1,0
17,0,85,1215,1196,91,551,53248,864000000,36000000,0,101,138,0,1,0
17,0,85,1215,1196,91,551,53248,864000000,36000000,0,101,138,0,1,0
17,0,85,1215,1196,91,551,53248,864000000,36000000,0,101,138,0,1,0
17,0,85,1215,1196,91,551,53248,868000000,36000000,0,101,138,0,1,0
17,0,85,1215,1196,91,551,53248,868000000,36000000,0,101,138,0,1,0
17,0,85,1215,1196,91,551,53248,868000000,36000000,0,101,138,0,1,0
17,0,85,1215,1196,91,551,53248,868000000,36000000,0,101,138,0,1,0
17,0,85,1215,1196,91,551,53248,868000000,36000000,0,101,138,0,1,0
17,0,85,1215,1196,91,551,53248,868000000,36000000,0,101,138,0,1,0
17,0,85,1215,1196,91,551,53248,868000000,36000000,0,101,138,0,1,0
17,0,85,1215,1196,91,551,53248,868000000,36000000,0,101,138,0,1,0
17,0,85,1215,1196,91,551,53248,868000000,36000000,0,101,138,0,1,0
17,0,85,1215,1196,91,551,53248,868000000,36000000,0,101,138,0,1,0
17,0,85,1215,1196,91,551,53248,868000000,36000000,0,101,138,0,1,0
17,0,85,1215,1196,91,551,53248,868000000,36000000,0,101,138,0,1,0
17,0,85,1215,1196,91,551,53248,868000000,36000000,0,101,138,0,1,0
17,0,85,1215,1196,91,551,53248,868000000,36000000,0,101,138,0,1,0
17,0,85,1215,1196,91,551,53248,868000000,36000000,0,101,138,0,1,0
17,0,85,1215,1196,91,551,53248,868000000,36000000,0,101,138,0,1,0
17,0,85,1215,1196,91,551,53248,868000000,36000000,0,101,138,0,1,0
17,0,85,1215,1196,91,551,53248,868000000,36000000,0,101,138,0,1,0
17,0,85,1215,1196,91,551,53248,868000000,36000000,0,101,138,0,1,0
17,0,85,1215,1196,91,551,53248,868000000,36000000,0,101,138,0,1,0
17,0,85,1215,1196,91,551,53248,868000000,36000000,0,101,138,0,1,0
17,0,85,1215,1196,91,551,53248,868000000,36000000,0,101,138,0,1,0
17,0,85,1215,1196,91,551,53248,868000000,36000000,0,101,138,0,1,0
17,0,85,1215,1196,91,551,53248,868000000,36000000,0,101,138,0,1,0
